,A,AAPL,ABT,ACGL,ACN,ADBE,ADI,ADM,ADP,ADSK,AEE,AEP,AES,AFL,AIG,AIZ,AJG,AKAM,ALB,ALGN,ALL,AMAT,AMD,AME,AMGN,AMT,AMZN,ANSS,AON,AOS,APA,APD,APH,ARE,ATO,AVB,AVY,AXON,AXP,AZO,BA,BAC,BALL,BAX,BBWI,BBY,BDX,BEN,BG,BIIB,BIO,BK,BKNG,BKR,BLK,BMY,BRO,BSX,BWA,BXP,C,CAG,CAH,CAT,CB,CBRE,CCI,CCL,CDNS,CHD,CHRW,CI,CINF,CL,CLX,CMA,CMCSA,CME,CMI,CMS,CNC,CNP,COF,COO,COP,COR,COST,CPB,CPRT,CPT,CRL,CRM,CSCO,CSGP,CSX,CTAS,CTRA,CTSH,CVS,CVX,D,DD,DE,DGX,DHI,DHR,DIS,DLR,DLTR,DOV,DPZ,DRI,DTE,DUK,DVA,DVN,EA,EBAY,ECL,ED,EFX,EG,EIX,EL,ELV,EMN,EMR,EOG,EQIX,EQR,EQT,ES,ESS,ETN,ETR,EVRG,EW,EXC,EXPD,EXR,F,FAST,FCX,FDS,FDX,FE,FFIV,FI,FICO,FIS,FITB,FMC,FRT,GD,GE,GEN,GILD,GIS,GL,GLW,GOOG,GPC,GPN,GRMN,GS,GWW,HAL,HAS,HBAN,HD,HES,HIG,HOLX,HON,HPQ,HRL,HSIC,HST,HSY,HUBB,HUM,IBM,IDXX,IEX,IFF,ILMN,INCY,INTC,INTU,IP,IPG,IRM,ISRG,IT,ITW,IVZ,J,JBHT,JBL,JCI,JKHY,JNJ,JNPR,JPM,K,KEY,KIM,KLAC,KMB,KMX,KO,KR,L,LEN,LH,LHX,LIN,LKQ,LLY,LMT,LNT,LOW,LRCX,LUV,LVS,MAA,MAR,MAS,MCD,MCHP,MCK,MCO,MDLZ,MDT,MET,MGM,MHK,MKC,MKTX,MLM,MMC,MMM,MNST,MO,MOH,MOS,MPWR,MRK,MRO,MS,MSFT,MSI,MTB,MTCH,MTD,MU,NDAQ,NDSN,NEE,NEM,NFLX,NI,NKE,NOC,NRG,NSC,NTAP,NTRS,NUE,NVDA,NVR,O,ODFL,OKE,OMC,ON,ORCL,ORLY,OXY,PAYX,PCAR,PCG,PEAK,PEG,PEP,PFE,PFG,PG,PGR,PH,PHM,PKG,PLD,PNC,PNR,PNW,POOL,PPG,PPL,PRU,PSA,PTC,PWR,PXD,QCOM,RCL,REG,REGN,RF,RHI,RJF,RL,RMD,ROK,ROL,ROP,ROST,RSG,RTX,RVTY,SBAC,SBUX,SCHW,SHW,SJM,SLB,SNA,SNPS,SO,SPG,SPGI,SRE,STE,STLD,STT,STX,STZ,SWK,SWKS,SYK,SYY,T,TAP,TDY,TECH,TER,TFC,TFX,TGT,TJX,TMO,TPR,TRMB,TROW,TRV,TSCO,TSN,TT,TTWO,TXN,TXT,TYL,UDR,UHS,UNH,UNP,UPS,URI,USB,VFC,VLO,VMC,VRSN,VRTX,VTR,VTRS,VZ,WAB,WAT,WBA,WDC,WEC,WELL,WFC,WHR,WM,WMB,WMT,WRB,WST,WTW,WY,WYNN,XEL,XOM,XRAY,YUM,ZBH,ZBRA
2024,38920.0,2898000.0,193830.0,31210.0,232200.0,284980.0,95480.0,28240.0,101990.0,54070.0,17870.0,40380.0,11050.0,44150.0,48390.0,8850.0,51190.0,18790.0,13040.0,21100.0,41040.0,142350.0,281510.0,38540.0,172310.0,88320.0,1769000.0,29330.0,58900.0,11460.0,9030.0,48450.0,61610.0,20640.0,16860.0,24140.0,15770.0,19290.0,148890.0,48480.0,126070.0,260470.00000000003,18430.0,19540.0,9660.0,15980.0,67910.0,13860.0,12930.0,35040.0,9270.0,41770.0,126470.0,28940.0,116300.0,97620.0,22080.0,94430.0,7860.0,9830.0,103710.0,13650.0,25200.0,163610.0,101690.0,25400.0,45790.0,20670.0,80700.0,24680.0,8630.0,93970.0,17530.0,69230.0,19160.0,6640.0,178210.0,73730.0,34170.0,16500.0,39560.0,17370.0,51440.0,18450.0,130570.0,47040.0,315560.0,13030.0,48000.0,10200.0,11160.0,278890.0,201180.0,33380.0,72580.0,62400.0,18190.0,38900.0,93220.0,281960.0,37390.0,26320.0,108080.0,13790.0,48180.0,181710.0,177280.0,44630.0,29880.0,22380.0,14580.0,19640.0,21430.0,73410.0,10110.0,26070.0,36290.0,21450.0,55750.0,30950.0,30160.0,16560.0,25140.0,53770.0,115200.0,9680.0,53380.0,63940.0,78520.0,22190.0,14050.0,18750.0,15300.0,107570.0,21060.0,11410.0,52190.0,33460.0,18110.0,30510.0,46390.0,39720.0,55460.0,18180.0,59550.0,20780.0,10850.0,86510.0,31210.0,36560.0,22680.0,7530.0,8200.0,72450.0,149870.0,13500.0,95580.0,36070.0,11310.0,27310.0,1793000.0,19640.0,35430.0,22930.0,124900.0,46930.0,30900.0,6810.0,17950.0,353450.0,44670.0,26870.0,16910.0,127240.0,28320.0,16290.0,9730.0,13740.0,40160.0,18820.0,44120.0,167480.0,47510.0,16500.0,20460.0,22580.0,13010.0,180830.0,179320.0,11400.0,12600.0,19980.0,135270.0,37010.0,76480.0,7040.0,17300.0,21330.0,16590.0,36350.0,11880.0,375050.0,11830.0,501980.0,18530.0,13310.0,13270.0,83150.0,40880.0,11210.0,259570.0,33080.0,16250.0,42440.0,18640.0,39730.0,194260.0,12390.0,670400.0,101900.0,12140.0,125380.0,111610.0,17730.0,38500.0,14960.0,71720.0,15260.0,207420.0,46930.0,67580.0,72650.0,102510.0,115950.0,48090.0,15200.0,6840.0,17660.0,8380.0,31430.0,94580.0,51240.0,57340.0,71450.0,20460.0,9780.0,30960.0,319740.0,13060.0,140970.0,3014000.0,53980.0,22090.0,9770.0,25730.0,96010.0,32290.0,14420.0,114830.0,38440.0,244550.0,10740.0,151020.0,66350.0,12110.0,56070.0,17960.0,16149.999999999998,44810.0,1712000.0,22890.0,43800.0,45220.0,39770.0,17570.0,33410.0,319940.0,62450.0,50000.0,43130.0,54500.0,42810.0,10010.0,29000.0,236030.0,150020.0,18480.0,372270.0,106620.0,65370.00000000001,22490.0,14570.0,120220.0,58040.0,11960.0,7680.0,14180.0,32759.999999999996,18880.0,37080.0,48340.0,21180.0,29370.0,52830.0,160730.0,31080.0,11360.0,102010.0,16590.0,8440.0,23460.0,9520.0,27960.0,30510.0,21060.0,58310.0,48050.0,54510.0,132630.0,12820.0,23470.0,104740.0,113670.0,77930.0,13710.0,69280.0,15380.0,85270.0,73260.0,51320.0,144040.0,44080.0,21720.0,19650.0,21910.0,17910.0,45160.0,13530.0,16140.0,130280.0,40240.0,126760.0,13220.0,20300.0,10550.0,14710.0,48340.0,11470.0,65700.0,110150.0,213130.0,9250.0,12840.0,24180.0,48620.0,24970.0,20420.0,61840.0,27890.0,144480.0,16710.0,18000.0,12580.0,11100.0,465200.0,150350.0,118480.0,43370.0,62470.0,6420.0,47800.0,30510.0,20250.0,110510.0,18020.0,13890.0,173960.0,23980.0,19200.0,19110.0,18950.0,24610.0,47880.0,175260.0,5950.0,75800.0,41880.0,454070.0,20870.0,29410.0,25860.0,23620.0,11010.0,32290.0,403250.0,7060.0,35410.0,26190.0,12430.0
2023,40730.0,2994000.0,191080.0,27710.0,220010.0,271630.0,98530.0,38520.0,95820.0,52080.0,19020.0,42710.0,12890.0,48210.0,47560.0,8860.0,48550.0,17850.0,16950.0,20980.0,36630.0,134690.0,238140.0,38050.0,154140.0,100630.0,1570000.0,31520.0,58260.0,12260.0,11000.0,60840.0,59310.0,22020.0,17210.0,26580.0,16280.000000000002,19350.0,136520.0,44710.0,157690.0,266450.0,18130.0,19610.0,9750.0,16860.0,70800.0,14760.0,14660.0,37490.0,9390.0,40030.0,123760.0,34630.0,120760.0,104400.0,20230.0,84690.0,8420.0,11010.0,98440.0,13690.0,24840.0,150520.0,92200.0,28370.0,49950.0,24210.0,74100.0,23290.0,10070.0,87620.0,16230.0,65630.0,17680.0,7350.0,176490.0,75810.0,33950.0,16940.0,39640.0,18030.0,49930.0,18740.0,137820.0,41250.0,292890.0,12880.0,47050.0,10600.0,12120.0,254710.0,205280.0,35680.0,68510.0,61070.0,19190.0,37870.0,101610.0,281570.0,39320.0,33080.0,112060.0,15500.0,50600.0,170940.0,165250.0,41620.0,30940.0,21510.0,14370.0,19760.0,22740.0,74780.0,9560.0,29020.0,36790.0,22630.0,56550.0,31400.0,30470.0,15340.0,27420.0,52330.0,110790.0,10640.0,55620.0,70530.0,75610.0,23220.0,15900.0,21560.0,16470.0,96150.0,21390.0,11990.0,46240.0,35730.0,18490.0,35030.0,48790.0,37020.0,61040.0,18120.0,63210.0,21030.0,10680.0,79720.0,28760.0,35590.0,23480.0,7860.0,8470.0,70860.0,138910.0,14620.0,100940.0,36990.0,11450.0,25970.0,1756000.0,19410.0,33060.0,24590.0,125800.0,41130.0,32350.0,7080.0,18410.0,344900.0,44280.0,24170.0,17140.0,138250.0,29810.0,17550.0,9830.0,13920.0,38120.0,17630.0,56360.0,149340.0,46090.0,16410.0,20660.0,22110.0,14070.0,211850.0,174960.0,12500.0,12500.0,20430.0,118770.0,35540.0,78810.0,8020.0,16390.0,20600.0,16379.999999999998,39210.0,11900.0,377310.0,9400.0,491760.0,19150.0,13480.0,13200.0,79010.0,41060.0,12120.0,254770.0,32880.0,15530.0,41870.0,19290.0,39920.0,199140.0,12780.0,553360.0,112440.0,13090.0,127990.0,103220.0,17210.0,37070.0,16110.0,66230.0,15030.0,215070.0,48790.0,61600.0,71470.0,98560.0,109530.0,48940.0,15260.0,6590.0,18340.0,11100.0,30830.0,93420.0,60370.0,59930.0,71340.0,21060.0,11670.0,30220.0,276250.0,14130.0,153050.0,2794000.0,51960.0,22740.0,9920.0,26300.0,94200.0,33540.0,15060.0,124620.0,47700.0,213090.0,10970.0,165230.0,70590.0,11670.0,53450.0,18160.0,17460.0,42780.0,1223000.0,22250.0,41560.0,44220.0,40900.0,17120.0,35970.0,289810.0,56200.0,52400.0,42850.0,51070.0,45850.0,10830.0,30470.0,233500.0,162560.0,18750.0,345370.0,93220.0,59180.0,22250.0,14600.0,123160.0,61680.0,12010.0,8140.000000000001,15420.0,35260.0,19970.0,37430.0,53770.0,20860.0,31350.0,52460.0,160970.0,33170.0,12430.0,95680.0,18020.0,9310.0,23250.0,9320.0,25300.0,35570.0,21130.0,58230.0,46590.0,51880.0,120980.0,13480.0,27360.0,109130.0,125390.0,79830.0,13410.0,74330.0,15240.0,78250.0,76470.0,53510.0,139550.0,47020.0,21720.0,19110.0,23900.0,17850.0,44400.0,15030.0,17980.0,113770.0,36880.0,119970.0,13210.0,21050.0,12200.0,16590.0,49230.0,11710.0,65740.0,106910.0,205080.0,8430.0,13230.0,24060.0,43500.0,23240.0,19090.0,55500.0,27370.0,154810.0,15760.0,17610.0,13600.0,10400.0,486940.0,149720.0,133940.0,38860.0,67380.0,7310.0,44250.0,30160.0,21020.0,104840.0,20050.0,12990.0,158490.0,22730.0,19460.0,22510.0,16980.0,26550.0,49900.0,178740.0,6670.0,72130.0,42370.0,424430.0,18230.0,26050.0,24900.0,25380.0,10290.0,34160.0,399590.0,7540.0,36620.0,25430.0,14030.0
2022,44300.0,2065999.9999999998,191420.0,23220.0,168170.0,156450.0,83530.0,51000.0,99080.0,40320.0,22980.0,48790.0,19210.0,44730.0,46980.0,6600.0,39750.0,13250.0,25400.0,16470.0,35960.0,82200.0,104430.0,32080.0,140130.0,98640.0,856940.0,21040.0,62080.0,8740.0,15000.0,68430.0,45310.0,23900.0,15800.0,22590.0,14650.0,11800.0,110400.0,46270.0,113520.0,265700.0,16050.0,25690.0,9620.0,17740.0,72280.0,13190.0,14940.0,39870.0,12440.0,36790.0,78170.0,29780.0,106430.0,152970.0,16129.999999999998,66270.0,9420.0,10590.0,87600.0,18540.0,20150.0,124660.0,91560.0,24310.0,58730.0,10470.0,44060.0,19650.0,10770.0,101300.0,16090.0,65800.0,17310.0,8750.0,150850.0,60490.0,34160.0,18380.0,46430.0,18870.0,35480.0,16320.0,147030.0,33480.0,202610.0,16990.0,29000.0,11910.0,11080.0,132580.0,195700.0,31420.0,65129.99999999999,45880.0,19370.0,29390.0,122440.0,347060.0,51090.0,34090.0,127870.0,17810.0,30710.0,193210.0,158430.0,29460.0,31280.0,19000.0,12260.0,16920.0,22770.0,79300.0,6720.0,40200.0,33730.0,22500.0,41450.0,33820.0,23790.0,12970.0,24290.0,88520.0,123110.0,9770.0,55930.0,76070.0,60610.0,23120.0,12410.0,29200.0,14200.0,62410.0,23730.0,14440.0,46120.0,42950.0,16530.0,20680.0,46750.0,27100.0,54310.0,15280.0,43710.0,23970.0,8660.0,64180.00000000001,14940.0,40260.0,22410.0,15720.0,8270.0,68110.0,91550.0,13950.0,107670.0,49430.0,11720.0,27010.0,1145000.0,24490.0,26850.0,17680.0,116280.0,28100.0,35730.0,8420.0,20340.0,321920.0,43720.0,24120.0,18390.0,144070.0,26390.0,24880.0,10820.0,11640.0,47490.0,12600.0,64840.0,126280.0,33780.0,17220.0,26730.0,31800.0,17860.0,109070.0,109340.0,12310.0,12940.0,14490.0,93770.0,26560.0,67670.0,8180.0,15200.0,18050.0,9150.0,43940.0,12800.0,461840.0,10370.0,393340.0,24310.0,16250.0,13090.0,53430.0,45810.0,9620.0,275080.0,31910.0,13840.0,25770.0,20860.0,39640.0,160660.0,14260.0,347610.0,127490.0,13850.0,120480.0,57320.0,19990.0,36730.0,18630.0,47120.0,10520.0,193010.0,38630.0,53180.0,51040.0,91010.0,103380.0,56780.0,12870.0,6490.0,22220.0,10490.0,20980.0,82070.0,66280.0,53010.0,81920.0,19280.0,14930.0,16590.0,281300.0,17190.0,143690.0,1787000.0,43080.0,25030.0,11580.0,32220.0,54530.0,30140.0,13580.0,166120.0,37460.0,131220.0,11130.0,183070.0,83970.0,7330.0,57040.0,12940.0,18440.0,33810.0,364180.0,14740.0,39780.0,31350.0,29360.0,16630.0,26970.0,220390.0,52810.0,57250.0,41650.0,34410.0,34510.0,13470.0,30570.0,248890.0,287620.0,20530.0,359150.0,75880.0,37360.0,10370.0,11830.0,104050.0,63700.0,7390.0,8600.0,11800.0,29550.0,21510.0,36600.0,49340.0,14180.0,20360.0,54260.0,123240.0,12610.0,10740.0,78570.0,20140.0,8010.0,22970.0,6970.0,30480.0,29550.0,17990.0,45820.0,39970.0,40760.0,148350.0,,30260.0,113860.0,155420.0,61500.0,16890.0,75800.0,12140.0,48660.0,77740.0,43960.0,109120.0,48570.0,18430.0,17150.0,28460.0,10860.0,42750.0,11110.0,14590.0,92520.0,38740.0,131200.0,11210.0,18740.0,13000.0,13600.0,57090.0,11700.0,68600.0,91970.0,215970.0,9170.0,12460.0,24370.0,43930.0,24850.0,22270.0,38710.0,17470.0,149940.0,14780.0,13420.0,21130.0,10060.0,495370.0,127300.0,150350.0,24630.0,66730.0,10720.0,48900.0,23270.0,21770.0,74120.0,18000.0,13490.0,165470.0,18150.0,20350.0,32210.0,10020.0,29570.0,30970.0,157330.0,7700.0,64390.0,40080.0,382370.0,19260.0,17420.0,26470.0,22810.0,9340.0,38360.0,454240.0,6840.0,36070.0,26750.0,13230.0
2021,48210.0,2901000.0,248860.0,17160.0,261990.0,269350.0,92330.0,37820.0,103660.0,61850.0,22920.0,44160.0,16200.0,38620.0,47210.0,8880.0,35360.0,19010.0,27340.0,51820.0,33010.0,139530.0,173770.0,34010.0,126710.0,133200.0,1691000.0,34990.0,66220.0,13660.0,9760.0,67440.0,52300.0,35230.0,13900.0,35290.0,17930.0,10740.0,124490.0,43250.0,118560.0,359380.0,30880.0,42970.0,17980.0,24440.0,71680.0,16820.0,13110.0,35240.0,22430.0,46700.0,98520.0,20930.0,138870.0,138390.0,19850.0,60530.0,10800.0,18030.0,119820.0,16379.999999999998,14500.0,111830.0,83260.0,36310.0,90210.0,22850.0,51640.0,25620.0,13990.0,76100.0,18350.0,71920.0,21420.0,11360.0,229950.0,82100.0,31200.0,18840.0,48080.0,17550.0,60050.0,20690.0,95200.0,27770.0,251730.0,13110.0,35960.0,18260.0,19010.0,250310.0,267260.0,31210.0,83390.0,45970.0,15450.0,46600.0,136170.0,226210.0,63620.0,41850.0,105670.0,21220.0,38620.0,235100.0,281530.0,50190.0,31610.0,26140.0,20510.0,19240.0,23150.0,80700.0,11590.0,29820.0,37300.0,41620.0,67220.0,30180.0,35720.0,10780.0,25920.0,133250.0,112070.0,16250.0,55380.0,51970.0,76160.0,33930.0,8240.0,31270.0,22920.0,68880.0,22640.0,15730.0,80880.0,56500.0,22740.0,30350.0,83000.0,36860.0,61270.0,18360.0,68530.0,23710.0,14850.0,68520.0,11490.0,66460.0,29730.0,13920.0,10600.0,57870.0,103740.0,15120.0,91050.0,40640.0,9460.0,30900.0,1917000.0,19960.0,39220.0,26180.0,127610.0,26690.0,20470.0,14040.0,22160.0,433360.0,22920.0,23490.0,19280.0,143540.0,40780.0,26480.0,10750.0,12410.0,39850.0,11330.0,59620.0,119860.0,55830.0,17960.0,38340.0,59460.0,16210.0,209600.0,182130.0,18190.0,14740.0,15150.0,128350.0,27490.0,77460.0,10610.0,18020.0,21480.0,10090.0,57260.0,12360.0,450350.0,11490.0,466190.0,21970.0,21480.0,15190.0,64879.99999999999,48130.0,21050.0,255750.0,33270.0,14650.0,33940.0,30060.0,41840.0,177560.0,17490.0,264220.0,96310.0,15380.0,174150.0,100870.0,25350.0,28750.0,26410.0,53810.0,17130.0,200310.0,48300.0,37230.0,72600.0,92500.0,139090.0,52560.0,21040.0,12330.0,25820.0,15630.0,27480.0,87600.0,101570.0,50810.0,86400.0,18570.0,14550.0,22730.0,193580.0,12780.0,173930.0,2522000.0,45880.0,19760.0,37430.0,39010.0,104320.0,35110.0,14850.0,183180.0,49450.0,267460.0,10840.0,263550.0,60490.0,10540.0,71490.0,20440.0,24850.0,31040.0,735270.0,20370.0,40500.0,41210.0,26200.0,15570.0,29260.0,232880.0,47580.0,27070.0,49240.0,30650.0,27310.0,19450.0,33740.0,240180.0,331430.0,19170.0,392110.0,59980.0,40880.0,14470.0,12930.0,124470.0,84210.0,12080.0,7960.0,22680.0,40930.0,22560.0,40910.0,65680.0,14280.0,16329.999999999998,44400.0,205720.0,19590.0,12900.0,67910.0,20530.0,12410.0,20830.0,8750.0,38080.0,40530.0,16830.0,51880.0,40370.0,44210.0,128810.0,,42310.0,137220.0,158990.0,92330.0,14710.0,42030.0,11530.0,56540.0,72680.0,52500.0,113730.0,42240.0,24340.0,12310.0,34030.0,24790.0,47040.0,30750.0,25650.0,100880.0,40260.0,175660.0,10080.0,20380.0,20320.0,26650.0,77740.0,15380.0,110880.0,90560.0,262920.0,11170.0,21880.0,45060.0,37730.0,27150.0,31640.0,47990.0,20490.0,174140.0,17010.0,22040.0,18540.0,10420.0,472940.0,161950.0,186290.0,24060.0,83350.0,28750.0,30700.0,27540.0,28190.0,55880.0,20400.0,16360.0,218110.0,17200.0,22740.0,45020.0,20320.0,30610.0,37330.0,186440.0,13840.0,69810.0,31630.0,401350.0,14560.0,34740.0,29590.0,30770.0,9830.0,36820.0,259380.0,12190.0,40700.0,26530.0,31800.0
2020,36350.0,2255000.0,194050.0,14640.0,173060.0,239910.0,54580.0,28040.0,75550.0,67140.0,19290.0,41330.0,15630.0,31230.0,32610.0,8000.0,23790.0,17090.0,15700.0,42140.0,33420.0,78900.0,110420.0,27820.0,133850.0,99700.0,1634000.0,31240.0,48290.0,8850.0,5350.0,60390.0,39120.0,24040.0,12020.0,22390.0,12930.0,7810.0,97350.0,26970.0,120840.0,262200.0,30520.0,40980.0,10340.0,25840.0,72770.0,12640.0,9160.0,37670.0,17340.0,37600.0,91210.0,21580.0,110040.0,140170.0,13460.0,50910.0,9440.0,14710.0,128370.0,17710.0,15710.0,98880.0,69470.0,21030.0,68650.0,23910.0,38050.0,21670.0,12760.0,75200.0,14050.0,73290.0,25450.0,7760.0,239740.0,65349.99999999999,33610.0,17460.0,34800.0,11780.0,45210.0,17840.0,42700.0,20800.0,166890.0,14640.0,30040.0,9730.0,12420.0,204220.0,189090.0,36430.0,69400.0,37100.0,6490.0,43810.0,89390.0,162560.0,61340.0,52180.0,84300.0,16059.999999999998,25130.0,157800.0,328020.0,39080.0,25410.0,18190.0,15100.0,15500.0,23500.0,67380.0,13140.0,6040.0,41620.0,34630.0,61750.0,24200.0,23450.0,9350.0,23770.0,96250.0,78790.0,13580.0,48170.0,29090.0,63630.0,22060.0,3500.0,29650.0,15480.0,47880.0,19990.0,12590.0,56850.0,41180.0,16090.0,14970.0,34970.0,28030.0,37800.0,12630.0,68810.0,16600.0,10830.0,76120.0,14870.0,87770.0,19650.0,14910.0,6430.0,42700.0,94600.0,12290.0,73030.0,35950.0,9930.0,27500.0,1185000.0,14490.0,64480.00000000001,22880.0,90730.0,21910.0,16700.0,12810.0,12910.0,285960.0,16210.0,17550.0,18710.0,149240.0,31710.0,25160.0,9540.0,10310.0,31700.0,8500.0,54290.0,112160.0,42630.0,15080.0,11630.0,54020.0,19040.0,204160.0,104090.0,19540.0,9170.0,8490.0,96170.0,14300.0,64530.0,8000.0,14160.0,14440.0,6390.0,33720.0,12360.0,414300.0,7420.0,387330.0,21380.0,16020.0,6490.0,39990.0,45860.0,15350.0,235670.0,24180.0,12370.0,23270.0,19820.0,39710.0,138300.0,10720.0,161500.0,99310.0,12870.0,117600.0,68010.0,27510.0,45520.0,14480.0,42780.0,14370.0,159880.0,37130.0,27920.0,54500.0,83620.0,157670.0,42250.0,15560.0,10030.0,25500.0,21660.0,17680.0,59340.0,100820.0,48820.0,76190.0,12610.0,8720.0,16510.0,206950.0,5260.0,123980.0,1681000.0,28820.0,16329.999999999998,40210.0,27110.0,83960.0,21770.0,11670.0,151140.0,48110.0,238890.0,8790.0,223020.0,50800.0,9170.0,60340.0,14790.0,19380.0,16050.0,323240.0,15170.0,21820.0,22900.0,17050.0,13400.0,13450.0,190440.0,32780.0,16110.0,33600.0,29890.0,24720.0,16270.0,29490.0,204940.0,204600.0,13620.0,345010.0,57870.0,35080.0,11560.0,13070.0,73670.0,63130.0,8810.0,9000.0,14950.0,34060.0,21680.0,30910.0,40370.0,13950.0,10000.0,18720.0,172290.0,16750.0,7730.0,51550.0,15480.0,7120.0,13100.0,7580.0,30800.0,29130.0,19200.0,45200.0,43770.0,30690.0,108600.0,,31320.0,125560.0,99660.0,66740.0,13180.0,30380.0,9270.0,39670.0,64879.99999999999,27980.0,79090.0,36750.0,16170.000000000002,7750.0,25670.0,15970.0,42450.0,28600.0,25390.0,92080.0,37820.0,204940.0,9830.0,14450.0,12260.0,19900.0,64610.0,19160.0,88400.0,81990.0,184600.0,8620.0,16700.0,34270.0,35550.0,16370.000000000002,23500.0,34850.0,23910.0,150660.0,11060.0,17600.0,11310.0,11680.0,332730.0,140310.0,145560.0,16720.0,70180.0,33310.0,23060.0,19650.0,24690.0,61450.0,18360.0,22610.0,243110.0,13930.0,15350.0,34450.0,16850.0,29020.0,26960.0,124770.0,11280.0,49830.0,24330.0,407840.0,11830.0,20940.0,27150.0,25020.0,12170.0,35820.0,174280.0,11440.0,32740.000000000004,31930.0,20490.0
2019,26460.0,1287000.0,153090.0,17390.0,133910.0,159080.0,43760.0,25810.0,73620.0,40360.0,18900.0,46700.0,13210.0,38440.0,44650.0,7850.0,17910.0,13990.0,7740.0,21880.0,35870.0,55870.0,53650.0,22840.0,142560.0,101780.0,920220.0,22060.0,48340.0,7730.0,9620.0,51850.0,32240.000000000004,19510.0,13670.0,29490.0,10900.0,4350.0,100830.0,28100.0,183370.0,311200.0,20990.0,42320.0,5000.0,22720.0,73750.0,12920.0,8160.0,51690.0,11070.0,45330.0,85060.0,26330.0,78010.0,143010.0,11110.0,63070.0,8950.0,21330.0,168890.0,16660.0,14760.0,81230.0,70350.0,20510.0,59130.0,34760.0,19410.0,17260.0,10540.0,76170.0,17120.0,58830.0,19190.0,10190.0,204740.0,71750.0,26960.0,17840.0,26090.0,13690.0,46980.0,15760.0,70540.0,,129840.0,14900.0,21130.0,10310.0,7470.0,144260.0,203450.0,21930.0,55930.0,27910.0,6920.0,33980.0,96720.0,226820.0,69400.0,47410.0,54540.0,14200.0,19320.0,106740.0,257579.99999999997,25010.0,22250.0,16630.0,11430.0,13240.0,24960.0,66850.0,9440.0,9920.0,31280.0,28740.0,55650.0,30090.0,16980.0,11290.0,27290.0,74220.0,76390.0,10770.0,46640.0,48740.0,49790.0,30070.0,2780.0,28060.0,19880.0,39140.0,23850.0,14750.0,48780.0,44350.0,13230.0,13680.0,37960.0,21210.0,19030.0,10170.0,39480.0,26270.0,8490.0,78610.0,10930.0,85400.0,21790.0,12880.0,9720.0,51070.0,97520.0,15900.0,82260.0,32390.0,11330.0,22180.0,921130.0,15440.0,54800.0,18600.0,79860.0,18170.0,21480.0,14450.0,15380.0,238210.0,20370.0,21850.0,13770.0,125860.0,29860.0,24120.0,9560.0,13230.0,30690.0,8050.000000000001,48410.0,118900.0,22310.0,13080.0,13770.0,48760.0,18870.0,256750.0,68180.0,18050.0,8930.0,9150.0,68570.0,13730.0,57440.0,8150.0,11940.0,12400.0,6290.0,31100.0,11170.0,384000.0,8270.0,429910.0,23620.0,19770.0,8940.0,27940.0,46970.0,14320.0,236890.0,23200.0,15270.0,17200.0,16440.0,43740.0,113760.0,10950.0,125840.0,109410.0,13400.0,91790.0,41650.0,28010.0,52740.0,15060.0,49500.0,13220.0,147470.0,25080.0,24470.0,44550.0,79040.0,152060.0,46650.0,16730.0,9760.0,22570.0,14380.0,17440.0,56100.0,101470.0,34100.0,92730.0,8410.0,8189.999999999999,7760.0,230920.0,10800.0,81480.0,1200000.0,27470.0,22160.0,21090.0,19130.0,59740.0,17680.0,9390.0,118410.0,35100.0,141980.0,10630.0,157940.0,57730.0,9890.0,50060.0,14200.0,22270.0,16980.0,144000.0,13830.0,24560.0,15120.0,31260.0,17580.0,10020.0,169940.0,33140.0,36840.0,30480.0,27390.0,5750.0,17410.0,29760.0,190100.0,216820.0,15210.0,308430.0,42310.0,26410.0,10480.0,10600.0,56310.0,69110.0,7710.0,10110.0,8510.0,31460.0,27520.0,37380.0,37140.0,8640.0,5790.0,25050.0,100840.0,27870.0,10540.0,41400.0,16420.0,7260.0,12420.0,8630.0,22400.0,23540.0,10850.0,36870.0,41780.0,28570.0,129440.0,,26930.0,103260.0,61140.0,53770.0,11870.0,55650.0,9250.0,20950.0,67070.0,47730.0,66620.0,44230.0,12920.0,7300.0,28260.0,15630.0,36340.0,25440.0,20610.0,78620.0,43520.0,283500.0,11680.0,12660.0,8400.0,11340.0,75590.0,17440.0,64959.99999999999,73460.0,129530.0,7440.0,10380.0,28650.0,34990.0,11040.0,33230.0,31670.0,13870.0,119570.0,10180.0,11790.0,13750.0,12430.0,278690.0,125120.0,100320.0,12400.0,90960.0,39310.0,38330.0,19060.0,22480.0,56700.0,21520.0,10370.0,253930.0,14910.0,14620.0,52230.0,18870.0,29090.0,33550.0,222430.0,9290.0,48350.0,28740.0,337160.0,12670.0,11130.0,25980.0,22500.0,14900.0,33300.0,295440.0,12520.0,30210.0,30830.0,13790.0
2018,21480.0,746070.0,126980.0,10750.0,93970.0,110320.0,31770.0,22900.0,57190.0,28160.0,15940.0,36860.0,9570.0,34410.0,34150.0,5530.0,13560.0,9950.0,8130.000000000001,16700.0,27430.0,31190.0,18550.0,15370.0,122560.0,69770.0,737460.0,11950.0,34900.0,7330.0,9830.0,35150.0,24180.0,12790.0,10830.0,24100.0,7610.0,2570.0,80730.0,21130.0,183060.0,238250.0,15410.0,33760.0,7060.0,14250.0,60620.0,15170.0,7540.0,59340.0,6900.0,45200.0,78590.0,22250.0,62210.0,84410.0,7700.0,48930.0,7230.0,17380.0,123300.0,10370.0,13290.0,73130.0,59310.0,13480.0,45080.0,34310.0,12170.0,16230.0,11540.0,72340.0,12600.0,51360.0,19740.0,10990.0,154100.0,67120.0,21110.0,14070.0,23770.0,14140.0,35350.0,12520.0,70970.0,,89730.0,9930.0,11180.0,8200.0,5450.0,104780.0,194810.0,12290.0,50820.0,17560.0,9440.0,36620.0,84840.0,207000.0,48660.0,121340.0,47710.0,11240.0,12930.0,72330.0,164470.0,21990.0,21490.0,10280.0,10160.0,12330.0,20060.0,62740.0,8560.0,10120.0,23750.0,25680.0,42390.0,24540.0,11230.0,8850.0,18490.0,47070.0,67590.0,10210.0,36790.0,50580.0,28450.0,24380.0,4800.0,20610.0,16149.999999999998,29080.0,16270.0,14490.0,31810.0,43650.0,11680.0,11500.0,31140.0,14940.0,14930.0,7610.0,42110.0,19220.0,9730.0,28840.0,5430.0,33530.0,15210.0,9780.0,8760.0,45380.0,65870.0,12070.0,80180.0,23230.0,8240.0,23800.0,723550.0,14010.0,16290.0,11990.0,61430.0,15770.0,23150.0,10240.0,12470.0,194070.0,11800.0,15960.0,11950.0,96390.0,31780.0,22810.0,11880.0,12340.0,22470.0,5430.0,38830.0,101440.0,16010.000000000002,9580.0,14310.0,44080.0,13560.0,211930.0,51080.0,16160.0,7910.0,9270.0,54830.0,11460.0,41560.0,6640.0,8200.0,10110.0,3910.0,27060.0,9760.0,343570.0,9320.0,319780.0,19600.0,15060.0,6170.0,13540.0,39300.0,10660.0,202080.0,21930.0,14200.0,12390.0,12490.0,15850.0,85390.0,7500.0,122380.0,73570.0,9970.0,74160.0,20960.0,25680.0,40330.0,10890.0,37030.0,8590.0,136210.0,17040.0,21190.0,26790.0,58080.0,122160.0,39360.0,12790.0,8450.0,18390.0,7950.0,10740.0,40180.0,109860.0,26750.0,92550.0,7200.0,11250.0,4940.0,198090.0,11740.0,67390.0,780360.0,18800.0,19820.0,15330.0,14090.0,35570.0,13470.0,6910.0,83080.0,18460.0,116850.0,9430.0,116910.0,41780.0,11230.0,40090.0,15030.0,18300.0,15830.0,81430.0,8710.0,19140.0,10030.0,22200.0,16390.0,6830.0,162030.0,27210.0,45990.0,23390.0,19800.0,12350.0,13330.0,26230.0,155660.0,249540.0,12340.0,229940.0,35180.0,19290.0,7200.0,7880.0,36970.0,53420.0,6470.0,9550.0,5870.0,24110.0,20400.0,33490.0,35240.0,9830.0,4240.0,22290.0,68860.0,20430.0,9820.0,40710.0,13710.0,6810.0,10460.0,8130.000000000001,16309.999999999998,17980.0,11810.0,27550.0,30830.0,23240.0,91730.0,,18200.0,80060.0,55330.0,36630.0,10630.0,49890.0,8070.0,12590.0,45400.0,51910.0,42310.0,29640.0,9030.0,6760.0,23960.0,10920.0,30620.0,18110.0,11660.0,58680.0,32170.0,207810.0,12150.0,7470.0,5460.0,5500.0,33060.0,11890.0,34480.0,55170.0,89990.0,9780.0,8250.0,21970.0,31560.0,10160.0,19500.0,22060.0,11640.0,89310.0,10830.0,7110.0,10910.0,10640.0,239150.0,100220.0,83680.0,8180.0,73500.0,28210.0,31300.0,13010.0,17800.0,42280.0,20890.0,14130.0,232300.0,6780.0,13790.0,64459.99999999999,10750.0,21850.0,26630.0,211100.0,6830.0,37730.0,26680.0,270620.0,9010.0,7260.0,19570.0,16309.999999999998,10600.0,25320.0,288920.0,8290.0,28120.0,21150.0,8570.0
2017,21630.0,860880.0,99330.0,11870.0,97450.0,86080.0,32810.0,22410.0,51970.0,23090.0,14310.0,36190.0,7150.0,34510.0,53550.0,5420.0,11440.0,11000.0,14130.0,17810.0,37570.0,54000.0,9910.0,16740.0,126230.0,61180.0,563530.0,12520.0,33480.0,10530.0,16079.999999999998,35900.0,26800.0,12590.0,9530.0,24630.0,10110.0,1400.0,86200.0,19450.0,175640.0,307910.0,13240.0,35210.0,16990.0,20010.0,52100.0,23950.0,9430.0,67370.0,7100.0,55150.0,84740.0,36230.0,82780.0,100290.0,7170.0,34040.0,10770.0,20060.0,196740.0,15090.0,19270.0,93740.0,67830.0,14700.0,45100.0,47650.0,11800.0,12530.0,12440.0,50070.0,12300.0,66250.0,19170.0,15090.0,187180.0,49700.0,29310.0,13320.0,17400.0,12220.0,48270.0,10640.0,65620.0,,81720.0,14460.0,9990.0,8530.0,5180.0,73840.0,189340.0,10730.0,49160.0,16590.0,13220.0,41870.0,73440.0,237780.0,52240.0,166650.0,50590.0,13420.0,19200.0,64560.0,162040.0,23390.0,25440.0,15730.0,8260.0,11860.0,19630.0,58870.0,13240.0,21750.0,32350.0,39420.0,38760.0,26340.0,14150.0,9080.0,20600.0,46850.0,57770.0,13310.0,44500.0,62390.0,35450.0,23430.0,15090.0,20020.0,15930.0,34810.0,14670.0,7500.0,23850.0,37860.0,11490.0,11010.0,49610.0,15710.0,27440.0,7530.0,66840.0,13620.0,8210.0,27320.0,4590.0,31410.0,21270.0,12700.0,9630.0,60740.0,151320.0,17430.0,93580.0,33730.0,10470.0,27630.0,729450.0,13920.0,15950.0,11180.0,96090.0,13460.0,42640.0,11320.0,15730.0,221320.0,15080.0,20070.0,11780.0,116060.0,34560.0,19270.0,10960.0,14690.0,23930.0,7400.0,34620.0,142030.0,13630.0,10080.0,12050.0,31890.0,19980.0,216020.0,40330.0,23920.0,7830.0,10610.0,40890.0,11160.0,57160.0,14870.0,9330.0,12610.0,4620.0,35260.0,9030.0,375360.0,10680.0,371050.0,23480.0,21690.0,7720.0,16460.0,42440.0,11590.0,195470.0,24190.0,16840.0,14750.0,16230.0,16790.0,44280.0,12560.0,92990.0,92050.0,9850.0,77110.0,29350.0,38830.0,54930.0,11420.0,49480.0,13820.0,137210.0,20550.0,32509.999999999996,28200.0,63950.0,109290.0,53200.0,18900.0,20500.0,13340.0,7580.0,13890.0,41530.0,140180.0,35690.0,136260.0,4370.0,9000.0,4660.0,153300.0,14380.0,94860.0,659900.0,14630.0,25730.0,10020.0,15840.0,47540.0,12770.0,8450.0,73560.0,20010.0,83060.0,8640.0,101580.0,53420.0,9010.0,41460.0,14750.0,22710.0,20210.0,117260.0,13120.0,16059.999999999998,10830.0,20490.0,16780.0,8880.0,195720.0,20450.0,56360.0,24450.0,24990.0,23060.0,12230.0,26060.0,170540.0,215890.0,20370.0,233090.0,32750.0,26580.0,9770.0,11370.0,34320.0,68650.0,12820.0,9510.0,5200.0,29720.0,21300.0,48750.0,36370.0,7050.0,5990.0,29410.0,94740.0,25530.0,11850.0,40390.0,20040.0,6960.0,12980.0,8420.0,12010.0,25200.0,10140.0,26510.0,30660.0,22590.0,101870.0,,19200.0,81090.0,68860.0,38340.0,14110.0,93350.0,9930.0,12670.0,48260.0,53380.0,43190.0,26870.0,7430.0,10210.0,36190.0,11900.0,44470.0,26020.0,17310.0,57940.0,31640.0,238680.0,17680.0,6410.0,4850.0,8210.0,39220.0,11200.0,35460.0,48340.0,76140.0,12570.0,10110.0,25420.0,37120.0,9380.0,29780.0,22280.0,12520.0,102930.0,14900.0,6650.0,10310.0,10750.0,213640.0,105550.0,102670.0,14530.0,88910.0,29240.0,40210.0,16980.0,11280.0,37900.0,21370.0,22690.0,215920.0,7810.0,15360.0,71920.0,23620.0,20960.0,23610.0,298750.0,12110.0,37470.0,25200.0,292530.0,8720.0,7320.0,19910.0,26610.0,17320.0,24420.0,354390.0,15120.0,27500.0,24430.0,5520.0
2016,14650.0,608960.0,56550.0,10580.0,75420.0,50880.0,22370.0,26260.0,46370.0,16470.0,12720.0,30950.0,7650.0,28400.0,67080.0,5290.0,9250.0,11550.0,9680.0,7660.0,27290.0,34740.0,10510.0,11240.0,108760.0,45110.0,356310.0,8000.0,29340.0,8230.0,24080.0,31270.0,20720.0,8820.0,7790.0,24320.0,6240.0,1260.0,67800.0,22600.0,96080.0,223320.0,13120.0,24110.0,18820.0,13390.0,35300.0,22420.0,10070.0,61690.0,5380.0,50090.0,72340.0,,62270.0,97660.0,6280.0,29450.0,8400.0,19340.0,169350.0,17210.0,23030.0,54250.0,61480.0,10620.0,31280.0,37790.0,7230.0,11420.0,10380.0,34240.0,12470.0,58160.0,15450.0,11730.0,164890.0,39140.0,22990.0,11640.0,9650.0,10610.0,42070.0,8530.0,62120.0,,70320.0,18560.0,6340.0,7350.0,3600.0,47690.0,151690.0,6140.0,33340.0,12130.0,10860.0,33990.0,84150.0,222190.0,48000.0,64160.0,32820.0,12740.0,10200.0,53840.0,165860.0,15610.0,18210.0,11640.0,7670.0,9020.0,17670.0,53470.0,12670.0,23910.0,23760.0,33190.0,34170.0,22450.0,14150.0,8840.0,23450.0,28020.0,37870.0,11030.0,35920.0,58270.0,25510.0,23530.0,11290.0,17500.0,15230.0,30300.0,13160.0,7980.0,20030.0,32759.999999999996,9550.0,9710.0,48200.0,13570.0,18990.0,6480.0,49620.0,13190.0,9450.0,23060.0,3710.0,24820.0,20340.0,7560.0,10200.0,52570.0,279540.0,14770.0,94340.0,35820.0,8750.0,23080.0,539060.0,14210.0,10560.0,9130.0,95210.0,13830.0,46750.0,9680.0,14340.0,163330.0,19720.0,17990.0,11160.0,88290.0,25300.0,18400.0,12210.0,13930.0,21950.0,6460.0,30420.0,157830.0,10510.0,6860.0,9350.0,18800.0,18880.0,171880.0,29410.0,21810.0,9290.0,8550.0,24570.0,8340.0,42980.0,12390.0,6900.0,10880.0,4310.0,38580.0,6930.0,313430.0,10740.0,308760.0,25860.0,19740.0,10690.0,12290.0,40870.0,12040.0,178810.0,32369.999999999996,15770.0,9800.0,13220.0,12730.0,33440.0,9420.0,81190.0,73220.0,8610.0,61860.0,17160.0,30680.0,42440.0,11110.0,32280.0,10380.0,101080.0,13850.0,31750.0,18020.0,68460.0,97800.0,59230.0,16530.0,14800.0,11680.0,5510.0,14050.0,34840.0,107400.0,25310.0,131870.0,3080.0,10270.0,3330.0,162310.0,14660.0,79120.0,483160.0,13750.0,24250.0,5130.0,10980.0,24090.0,11080.0,6420.0,55900.0,18080.0,53120.0,7140.0,84170.0,40990.0,3860.0,31550.0,9710.0,20160.0,18950.0,57530.0,6280.0,14860.0,7070.0,12080.0,20070.0,5320.0,157730.0,26290.0,54430.0,21840.0,22390.0,30720.0,13900.0,22190.0,150050.0,197100.0,16640.0,224990.0,20580.0,18670.0,6070.0,7990.0,27900.0,56900.0,10190.0,8680.0,4310.0,25010.0,23140.0,44740.0,38760.0,5340.0,5040.0,30560.0,96360.0,17600.0,7200.0,38710.0,17670.0,6280.0,9920.0,7420.0,8740.0,17300.0,7350.0,18570.0,25850.0,19390.0,90260.0,,12810.0,80890.0,52320.0,24960.0,14910.0,116800.0,9930.0,8830.0,48200.0,55830.0,27860.0,25160.0,5740.0,8670.0,29970.0,11260.0,30510.0,17280.0,13790.0,44860.0,30280.0,261170.00000000003,20910.0,4290.0,3830.0,5110.0,38150.0,7090.0,40570.0,48970.0,55730.0,9810.0,7570.0,18320.0,34770.0,9950.0,22060.0,19380.0,4260.0,72930.0,13120.0,5220.0,9740.0,10310.0,152320.0,85440.0,100040.0,8890.0,87310.0,22070.0,30920.0,16550.0,7950.0,18270.0,22130.0,20410.0,217610.0,7910.0,10820.0,89300.0,19560.0,18510.0,24260.0,276770.0,13650.0,31340.0,23380.0,212410.0,8070.0,6200.0,16660.0,22500.0,8800.0,20670.0,374280.0,13320.0,23240.0,20670.0,4520.0
2015,13690.0,583610.0,66130.0,8550.0,68020.0,46760.0,17260.0,21820.0,38860.0,13720.0,10480.0,28610.0,6380.0,25420.0,73980.0,5300.0,7240.0,9320.0,6280.0,5230.0,23650.0,21300.0,2270.0,12620.0,122390.0,41090.0,318340.0,8150.0,24870.0,6730.0,16810.0,28050.0,16079.999999999998,6550.0,6430.0,25220.0,5700.0,920.0,67390.0,22410.0,96380.0,174690.0,10270.0,20890.0,27730.0,10430.0,32630.000000000004,21910.0,9720.0,66960.0,4059.9999999999995,44730.0,63250.0,,56380.0,114260.0,4460.0,24830.0,9480.0,19580.0,152830.0,18300.0,29360.0,39570.0,37920.0,11550.0,28850.0,42050.0,6190.0,11030.0,8890.0,37540.0,9690.0,59470.0,16400.0,7340.0,137550.0,30520.0,15410.0,10000.0,7910.0,7890.0,38050.0,6470.0,57700.0,,71020.0,16290.0,4570.0,7480.0,3750.0,52050.0,137840.0,6710.0,25060.0,9840.0,7320.0,36550.0,107640.0,169370.0,40310.0,57500.0,24110.0,10170.0,11840.0,63780.0,173710.0,11060.0,18130.0,9500.0,6070.0,8160.0,14390.0,49110.0,14620.0,13370.0,21300.0,32530.0,33850.0,18830.0,13210.0,7810.0,19290.0,32520.000000000004,36420.0,9970.0,30750.0,38920.0,18770.0,29760.0,7950.0,16190.000000000002,15650.0,23870.0,12190.0,5990.0,17010.0,25540.0,8210.0,10940.0,56790.0,11820.0,8430.0,6690.0,41060.0,13430.0,6660.0,20600.0,2950.0,19660.0,15780.0,5220.0,10150.0,42990.0,292160.0,14180.0,143890.0,34210.0,6990.0,20650.0,528160.0,12890.0,8340.0,7050.0,75600.0,12560.0,29130.0,8400.0,8790.0,167670.0,13860.0,17460.0,10970.0,79820.0,20910.0,20890.0,13030.0,11500.0,19350.0,5840.0,26470.0,132900.0,6560.0,5860.0,9570.0,28100.0,20240.0,162770.0,25470.0,15530.0,9380.0,5700.0,20420.0,7460.0,33700.0,13970.0,5160.0,8350.0,4430.0,20670.0,6150.0,284220.0,10590.0,241890.0,25610.0,11020.0,10930.0,10810.0,45940.0,10560.0,185750.0,40770.0,13050.0,10060.0,12520.0,10810.0,29170.0,9050.0,93120.0,66230.0,7080.0,69580.0,12590.0,27880.0,34830.0,6840.0,17180.0,9350.0,107120.0,9470.0,45080.0,19670.0,70840.0,108160.0,52930.0,12830.0,14000.0,10880.0,4170.0,8800.0,28930.0,91780.0,30220.0,114090.0,3360.0,9720.0,2520.0,146890.0,8520.0,61070.0,439670.0,11930.0,19330.0,4980.0,9180.0,14650.0,9550.0,3660.0,47890.0,9520.0,48940.0,6220.0,106680.0,34230.0,3690.0,25190.0,7750.0,16520.0,12810.0,17730.0,6390.0,12920.0,4980.0,5170.0,18130.0,4030.0000000000005,153470.0,24760.0,51630.0,19090.0,16650.0,26170.0,17800.0,19570.0,144680.0,199320.0,13100.0,214760.0,18550.0,13100.0,6220.0,6050.0,22510.0,48030.0,8930.0,7150.0,3450.0,26370.0,22990.0,36390.0,42830.0,3960.0,3090.0,18720.0,74720.0,22060.0,6590.0,56810.0,12450.0,6180.0,8330.0,9360.0,7510.0,13480.0,5660.0,19140.0,21790.0,15200.0,80530.0,,13210.0,89180.0,43470.0,23940.0,14760.0,87630.0,9950.0,6900.0,42650.0,60160.0,26220.0,23340.0,6470.0,4340.0,26520.0,10960.0,28420.0,15980.0,14680.0,34660.0,23230.0,211440.0,17320.0,3140.0,3340.0,4200.0,29500.0,5460.0,44730.0,47470.0,56680.0,9080.0,5370.0,17900.0,33390.0,11470.0,19410.0,14440.0,3030.0,55420.0,11490.0,6410.0,9830.0,11740.0,112110.0,66400.0,85250.0,6650.0,74460.0,26530.0,33440.0,12640.0,9610.0,30990.0,18860.0,26520.0,188260.0,6530.0,10930.0,91860.0,13910.0,16190.000000000002,24130.0,276800.0,11300.0,23860.0,19240.0,196270.0,6750.0,4350.0,8820.0,15300.0,7020.0,18220.0,323960.0,8520.0,30680.0,20790.0,3630.0
2014,13740.0,643120.0,67890.0,7520.0,58520.0,36160.0,17270.0,33120.0,39770.0,13660.0,11190.0,29710.0,9690.0,27020.0,77060.0,4740.0,7740.0,11220.0,4690.0,4480.0,29360.0,30430.0,2070.0,12700.0,121120.0,39210.0,144310.0,7440.0,26550.0,5040.0,23590.0,30900.0,16670.0,6340.0,5620.0,21570.0,4720.0,1400.0,95170.0,19740.0,91860.0,188140.0,9330.0,39750.0,25330.0,13670.0,26840.0,34460.0,13240.0,79620.0,3500.0,45360.0,59210.0,,59680.0,97570.0,4720.0,17580.0,12440.0,19700.0,163620.0,15450.0,26640.0,55480.0,37750.0,11400.0,26270.0,35220.0,5550.0,10500.0,10960.0,26680.0,8480.0,62730.0,13640.0,8380.0,123900.0,29730.0,26260.0,9560.0,6140.0,10070.0,45680.0,7800.0,85030.0,,62440.0,13780.0,4600.0,7200.0,3010.0,37420.0,142230.0,5930.0,35940.0,9200.0,12220.0,32090.000000000004,109790.0,210850.0,44980.0,52790.0,30290.0,9650.0,9230.0,60360.0,160120.0,8990.0,14470.0,11690.0,5230.0,7270.0,15280.0,59060.0,16329.999999999998,25030.0,14570.0,68690.0,31340.0,19330.0,9650.0,7610.0,21330.0,28860.0,33690.0,11270.0,42510.0,50480.0,12790.0,26060.0,11470.0,16960.0,13150.0,31790.0,15670.0,5430.0,13730.0,31880.0,8540.0,6820.0,62130.0,14070.0,24270.0,5870.0,49200.0,16410.0,9480.0,17050.0,2290.0,17720.0,16780.0,7600.0,9150.0,45710.0,254140.0,17700.0,141290.0,32189.999999999996,6920.0,29210.0,359500.0,16309.999999999998,5410.0,10130.0,83390.0,17180.0,33350.0,6840.0,8530.0,138330.0,21100.0,17690.0,7470.0,78150.0,73600.0,13730.0,11430.0,17960.0,22970.0,5480.0,21480.0,158910.0,7020.0,6130.0,8180.0,26510.0,12490.0,172300.0,26320.0,22510.0,8590.0,8109.999999999999,19350.0,7370.0,36260.0,16980.0,5780.0,9820.0,4210.0,28820.0,5020.0,291040.0,9280.0,232470.0,23230.0,11940.0,10350.0,11560.0,42200.0,13980.0,184330.0,31540.0,15670.0,8910.0,9120.0,7510.0,37470.0,8530.0,76620.0,60850.0,7360.0,66930.0,12630.0,28590.0,46420.0,5620.0,22110.0,8690.0,90220.0,9080.0,48150.0,19580.0,60430.0,71060.0,61220.0,10500.0,11320.0,9550.0,2670.0,7420.0,30910.0,104360.0,18170.0,97400.0,2660.0,16770.0,1930.0,161170.0,19090.0,75690.0,381720.0,14740.0,16620.0,5110.0,8540.0,37630.0,8090.0,4830.0,47080.0,9420.0,20630.0,13400.0,83070.0,29320.0,9070.0,33780.0,12910.0,15730.0,15640.0,10890.0,5160.0,10720.0,6680.0,10370.0,19110.0,4390.0,197470.0,19570.0,62110.0,16760.0,24100.0,25330.0,20240.0,20940.0,140700.0,195960.0,15260.0,245980.0,15860.0,18360.0,7920.0,7680.0,21920.0,47710.0,12110.0,7550.0,2760.0,31430.0,24190.0,41140.0,31870.0,4250.0,5980.0,22170.0,122940.0,18070.0,5970.0,42020.0,14290.0,7880.0,8140.000000000001,16160.0,7860.0,15060.0,4810.0,15650.0,19650.0,14190.0,104570.0,,14300.0,61570.0,39570.0,24910.0,10280.0,108920.0,7940.0,6650.0,44600.0,56590.0,24200.0,27410.0,3860.0,4760.0,32590.000000000004,21760.0,19020.0,15050.0,13860.0,35650.0,23450.0,174220.0,13890.0,3760.0,3420.0,4280.0,28020.0,4750.0,48350.0,47240.0,50170.0,10350.0,6870.0,22410.0,34100.0,10740.0,15010.0,16660.0,2470.0,55950.0,11620.0,3660.0,7860.0,10980.0,96430.0,105230.0,100600.0,9980.0,80270.0,32340.000000000004,25450.0,8670.0,6750.0,28720.0,21400.0,21150.0,194360.0,8360.0,9370.0,72050.0,25700.0,11890.0,24870.0,283430.0,15110.0,23530.0,33570.0,276800.0,6490.0,3790.0,8000.0,18820.0,15090.0,18160.0,388380.0,7500.0,31610.0,19240.0,3990.0
2013,19040.0,500740.0,59330.0,7970.0,54820.0,29710.0,15840.0,28600.0,38890.0,11350.0,8770.0,22790.0,10480.0,30680.0,74740.0,4760.0,6260.0,8420.0,5070.0,4600.0,24480.0,21300.0,2800.0,12900.0,86080.0,31510.0,183040.0,8050.000000000001,25220.0,4920.0,34010.0,23660.0,14100.0,4520.0,4130.0,15300.0,4820.0,830.0,96530.0,16110.0,102000.0,164910.0,7340.0,37760.0,17950.0,13790.0,21320.0,36420.0,12130.0,66070.0,3550.0,39910.0,60450.0,,53390.0,87210.0,4560.0,15890.0,12740.0,15350.0,157850.0,14160.0,22910.0,57920.0,35170.0,8720.0,24530.0,31170.0,4030.0000000000005,9210.0,8760.0,24100.0,8530.0,59980.0,12040.0,8660.0,111350.0,26190.0,26310.0,7120.0,3260.0,9940.0,43870.0,5940.0,86610.0,,52330.0,13630.0,4600.0,5490.0,2520.0,33270.0,119920.0,5320.0,29020.0,7140.0,16129.999999999998,30680.0,84450.0,239020.0,37580.0,53510.0,33910.0,7700.0,7220.0,53890.0,129880.0,6300.0,11740.0,16400.0,3880.0,7130.0,11750.0,48720.0,13500.0,25110.0,7080.0,70990.0,31390.0,16180.0,8420.0,7410.0,15080.0,29220.0,27090.0,12300.0,49430.0,45830.0,8790.0,18690.0,13540.0,13360.0,5370.0,36160.0,11280.0,4120.0,7180.0,23470.0,8960.0,4870.0,61470.0,14090.0,39170.0,4640.0,44880.0,13800.0,6900.0,15150.0,2190.0,15590.0,17980.0,10020.0,6760.0,33760.0,282000.0,16410.0,115230.0,31170.0,6990.0,24930.0,,12790.0,4670.0,9010.0,79120.0,17580.0,43080.0,7200.0,8010.0,115950.0,27000.0,16420.0,6110.0,71610.0,53400.0,11900.0,9780.0,14670.0,21760.0,5660.0,15890.0,197770.0,5480.0,5990.0,6990.0,14120.0,8250.0,128910.0,21740.0,21390.0,7510.0,5800.0,14670.0,6530.0,36170.0,15760.0,8300.0,9060.0,3600.0,27250.0,5060.0,258339.99999999997,11170.0,219650.0,22150.0,11950.0,8090.0,10740.0,39770.0,10490.0,181840.0,20410.0,18670.0,7900.0,7830.0,7440.0,38240.0,9890.0,56950.0,47710.0,5720.0,51820.0,8830.0,13190.0,64569.99999999999,4540.0,14700.0,7950.0,96090.0,8910.0,37140.0,16780.0,60200.0,57290.0,60490.0,11530.0,10820.0,9030.0,2690.0,4620.0,26440.0,93020.0,11300.0,76520.0,1590.0,20130.0,1320.0,146520.0,24600.0,60990.0,310500.0,17170.0,15190.0,5640.0,7150.0,23010.0,6740.0,4770.0,37240.0,11340.0,21940.0,10310.0,69830.0,24930.0,9290.0,28670.0,14020.0,14680.0,16990.0,9100.0,4540.0,7740.0,4560.0,12840.0,19150.0,3620.0,172070.0,13630.0,75690.0,16580.0,20960.0,18390.0,16590.0,16200.0,126810.0,196000.0,14550.0,220730.0,16239.999999999998,19180.0,7760.0,6210.0,18430.0,41350.0,15320.0,5830.0,2630.0,26290.0,18960.0,42510.0,25850.0,4220.0,6720.0,26250.0,125250.0,10450.0,4250.0,27430.0,13620.0,5770.0,7310.0,15820.0,6660.0,16390.0,4410.0,13770.0,16100.000000000002,11960.0,104310.0,,11530.0,59300.0,33710.0,18370.0,10890.0,117800.0,6360.0,6260.0,36470.0,47260.0,21190.0,21900.0,2830.0,4350.0,31860.0,18440.0,13360.0,12540.0,5380.0,28400.0,21090.0,183750.0,10340.0,3450.0,3490.0,3370.0,26370.0,3860.0,39990.0,45320.0,40300.0,15570.0,8940.0,21950.0,32000.0,10830.0,11380.0,17410.0,1530.0,47540.0,10360.0,3350.0,5850.0,7980.0,74390.0,76600.0,96980.0,7270.0,73710.0,27440.0,26990.0,7730.0,7990.0,17370.0,16850.0,16120.000000000002,140630.0,7120.0,8480.0,54570.0,19880.0,9340.0,15510.0,238670.0,12070.0,20830.0,26340.0,254620.0,5730.0,3440.0,8010.0,18420.0,19650.0,13910.0,438700.0,6890.0,33490.0,15820.0,2720.0
2012,14210.0,499690.0,103270.0,5890.0,45470.0,18610.0,12670.0,18050.0,27590.0,7940.0,7450.0,20720.0,7960.0,24840.0,52110.0,2720.0,4350.0,7270.0,5520.0,2230.0,19240.0,13680.0,1710.0,9140.0,65190.0,30520.0,113890.0,6240.0,17280.0,2910.0,30740.0,17440.0,10340.0,4380.0,3170.0,15510.0,3480.0,470.0,63510.0,12870.0,56940.0,125130.0,6700.0,36410.0,13570.0,4000.0,15160.0,26710.0,10630.0,34620.0,2980.0,29900.0,30930.0,,35390.0,53120.0,3660.0,7760.0,8270.0,16040.0,119820.0,11940.0,14040.0,58690.0,27150.0,6560.0,21150.0,28530.0,3790.0,7430.0,10190.0,15280.0,6380.0,48910.0,9580.0,5710.0,79460.0,16810.0,20560.0,6430.0,2140.0,8230.0,33720.0,4480.0,70740.0,,43010.0,10970.0,3680.0,6560.0,1800.0,23870.0,104320.0,2530.0,20120.0,5040.0,10440.0,22280.0,59510.0,210510.0,29830.0,38900.0,33540.0,9220.0,6350.0,38430.0,89620.0,8490.0,9210.0,11480.0,2450.0,5830.0,10340.0,44910.0,11660.0,21120.0,4370.0,65990.0,21180.0,16260.000000000002,6510.0,5650.0,14720.0,23160.0,18560.0,10470.0,38270.0,32810.0,10050.0,18420.0,8850.0,12270.0,5340.0,25500.0,11330.0,3620.0,10300.0,25420.0,8160.0,4019.9999999999995,51100.0,13830.0,32450.000000000004,3890.0,28840.0,17460.0,7630.0,10540.0,1490.0,10230.0,13400.0,8050.000000000001,6740.0,24690.0,218410.0,13050.0,55790.0,26130.0,4860.0,18550.0,,9840.0,3560.0,7970.0,59330.0,14060.0,32220.0,4620.0,5380.0,92470.0,18080.0,9790.0,5340.0,49680.0,27760.0,8220.0,7060.0,11350.0,16160.0,4400.0,10860.0,214030.0,5050.0,3840.0,5430.0,6880.0,2210.0,101940.0,17610.0,17520.0,4600.0,5890.0,19710.0,4290.0,27670.0,11510.0,5540.0,7010.0,3890.0,20010.0,3380.0,194770.0,10000.0,167250.0,20170.0,7790.0,7870.0,7950.0,32860.0,8560.0,162000.0,13480.0,15960.0,7160.0,8090.0,5500.0,32420.0,6280.0,56540.0,29620.0,4870.0,39940.0,5990.0,7470.0,38040.0,2730.0,11580.0,5810.0,88440.0,6360.0,22580.0,11230.0,45250.0,41480.0,35960.0,5690.0,6250.0,8420.0,1410.0,4330.0,18800.0,63790.0,8750.0,63180.0,1260.0,30500.0,790.0,123910.0,21670.0,37740.0,223660.0,15370.0,12620.0,3980.0,5870.0,6470.0,4130.0,4059.9999999999995,29330.0,22830.0,5140.0,7720.0,46210.0,16160.0,7410.0,19410.0,12020.0,11980.0,13710.0,7660.0,4520.0,5360.0,2950.0,8760.0,13080.0,3160.0,157740.0,10100.0,61710.0,11310.0,15970.0,17300.0,20460.0,15480.0,105650.0,182470.0,8370.0,185450.0,12750.0,12680.0,7020.0,3770.0,16840.0,30780.0,10130.0,5590.0,1950.0,20780.0,16660.0,24690.0,24840.0,2690.0,5810.0,13140.0,106150.0,7430.0,4240.0,16640.0,10070.0,4430.0,5330.0,13590.0,5960.0,11740.0,3210.0,10990.0,12020.0,10590.0,75350.0,,9000.0,40160.0,18340.0,15880.0,9350.0,92040.0,4600.0,4810.0,37150.0,48990.0,15250.0,17150.0,2020.0,3010.0,21560.0,10870.0,6490.0,11830.0,3890.0,20830.0,18530.0,188140.0,7760.0,2410.0,2510.0,3170.0,20360.0,2920.0,38500.0,30950.0,22790.0,15570.0,7600.0,16730.0,27100.0,6140.0,6870.0,14170.0,1030.0,34230.0,6720.0,1510.0,5940.0,4710.0,55270.0,59020.0,70260.0,4230.0,59700.0,16630.0,18830.0,6750.0,5950.0,9100.0,18880.0,10840.0,123690.0,4170.0,7520.0,34970.0,10240.0,8440.0,15950.0,180000.0,8029.999999999999,15660.0,22290.0,228240.0,5130.0,1870.0,10200.0,15080.0,11340.0,13030.0,389640.0,5630.0,29940.0,11430.0,2000.0
2011,12160.0,377510.0,87590.0,4990.0,36990.0,13890.0,10660.0,19100.0,26390.0,6870.0,8020.0,19940.0,9080.0,20190.0,44060.0,3780.0,3770.0,5790.0,4570.0,1860.0,13850.0,13980.0,3760.0,6740.0,56280.0,23580.0,78710.0,5290.0,15120.0,2140.0,34780.0,17930.0,7520.0,4270.0,3000.0,12410.0,3040.0,280.0,54780.0,12790.0,54510.0,56350.0,5800.0,27900.0,11950.0,8180.0,15960.0,20880.0,8320.0,26730.0,2690.0,24140.0,23280.0,,31780.0,59710.0,3240.0,7910.0,6990.0,14700.0,76920.0,10890.0,14030.0,58580.0,23640.0,4990.0,12740.0,25360.0,2830.0,6540.0,11450.0,11340.0,4930.0,44710.0,8770.0,5120.0,49720.0,16170.000000000002,16970.0,5590.0,1990.0,8550.0,19430.0,3370.0,96750.0,,36230.0,10590.0,3110.0,4440.0,1350.0,13790.0,97190.0,1690.0,22090.0,4510.0,7930.0,19420.0,53080.0,211890.0,30230.0,33980.0,31250.0,9150.0,3980.0,32280.0,67360.0,6990.0,9890.0,10760.0,1970.0,5850.0,9210.0,29320.0,7080.0,25040.0,6820.0,39150.0,13410.0,18160.0,4690.0,4510.0,13480.0,21630.0,23040.0,5370.0,34250.0,26480.0,4800.0,16910.0,8180.0,6380.0,4790.0,14540.0,12860.0,3370.0,8060.000000000001,28750.0,8680.0,2280.0,40880.0,12870.0,34870.0,3930.0,26260.0,18520.0,8430.0,8270.0,1280.0,7960.0,11690.0,6050.0,5760.0,23640.0,189080.0,11530.0,30740.0,26050.0,4420.0,20390.0,,9520.0,3710.0,7720.0,44510.0,13050.0,31750.0,4100.0,4740.0,64800.0,19300.0,7240.0,4600.0,42030.0,51100.0,7730.0,5820.0,10430.0,13910.0,3460.0,14320.0,216720.0,4320.0,3090.0,4240.0,3700.0,1890.0,123480.0,15630.0,12930.0,4480.0,5710.0,18050.0,3290.0,22560.0,9060.0,5200.0,5260.0,4110.0,31780.0,2900.0,179080.0,10730.0,126340.0,18160.0,7320.0,6600.0,8039.999999999999,28980.0,6900.0,158910.0,13920.0,14930.0,3570.0,8510.0,4050.0,32040.0,4400.0,48110.0,26170.0,4890.0,31780.0,4420.0,6660.0,31300.0,2360.0,9770.0,3740.0,102650.0,7000.0,19130.0,7470.0,66000.0,40360.0,32970.0,5090.0,4110.0,6700.0,1140.0,3440.0,17010.0,57280.0,8020.0,60970.0,1020.0,27150.0,500.0,114900.0,20590.0,29160.0,218380.0,15060.0,9590.0,3490.0,4660.0,6210.0,4340.0,2690.0,25720.0,29290.0,3630.0,6690.0,44220.0,15270.0,4160.0,24480.0,13000.0,9550.0,12530.0,8460.0,3410.0,4650.0,2320.0,8920.0,12290.0,3470.0,128910.0,10250.0,76060.0,10910.0,13420.0,16730.0,16890.0,16690.0,103730.0,166340.0,7500.0,183540.0,12100.0,11510.0,2410.0,2510.0,13100.0,30340.0,3280.0,5260.0,1430.0,12890.0,17010.0,23550.0,23000.0,2160.0,4440.0,10450.0,92270.0,5380.0,3380.0,5130.0,5410.0,4059.9999999999995,3910.0,12720.0,3730.0,10440.0,3250.0,8380.0,10860.0,10200.0,66220.0,,4690.0,34510.0,14300.0,9260.0,8860.0,91680.0,2940.0,3920.0,39890.0,37880.0,13190.0,13190.0,1720.0,2870.0,19830.0,7620.0,4130.0,11410.0,3040.0,19020.0,17180.0,179200.0,7880.0,2020.0,2520.0,2500.0,17540.0,2490.0,34390.0,24340.0,17010.0,17810.0,5360.0,14380.0,24420.0,4980.0,7620.0,9510.0,1170.0,33260.0,5140.0,890.0,5490.0,3750.0,54020.0,51170.0,70620.0,1850.0,51620.0,14010.0,11780.0,5080.0,5680.0,6920.0,15870.0,9150.0,113580.0,3350.0,6630.0,28870.0,7270.0,8080.0,9750.0,145330.0,3620.0,15050.0,19460.0,204650.0,4710.0,1270.0,11820.0,10010.0,13800.0,13400.0,406270.0,4950.0,27170.0,9570.0,1850.0
2010,14430.0,297090.0,74110.0,4090.0,33810.0,15440.0,11250.0,19160.0,22870.0,8680.0,6770.0,17290.0,9590.0,26500.0,8090.0,3920.0,3150.0,8770.0,5100.0,1490.0,16990.0,18580.0,5580.0,6300.0,51160.0,20580.0,81180.0,4770.0,15280.0,2020.0,45590.0,19540.0,9260.0,4019.9999999999995,2820.0,9660.0,4630.0,290.0,51370.0,11930.0,47980.0,134530.0,5850.0,29390.0,9910.0,13510.0,18680.0,24830.0,9600.0,16120.000000000002,2890.0,37490.0,19630.0,,36430.0,44980.0,3410.0,11510.0,8119.999999999999,12070.0,137440.0,9830.0,13380.0,59830.0,20850.0,6620.0,12740.0,36420.0,2200.0,4910.0,13310.0,9960.0,5130.0,39770.0,8700.0,7450.0,45620.0,21500.0,21750.0,4640.0,1250.0,6680.0,19450.0,2580.0,99940.0,7600.0,31520.0,11590.0,3070.0,4440.0,2000.0,17340.0,112130.0,1190.0,23920.0,4059.9999999999995,3930.0,22270.0,47390.0,183180.0,24820.0,39840.0,34970.0,9210.0,3800.0,30960.0,71020.0,4690.0,7020.0,10900.0,950.0,6410.0,7670.0,23660.0,6670.0,33870.0,5470.0,36110.0,11720.0,14450.0,4360.0,4610.0,12570.0,15920.0,21470.0,5940.0,43110.0,23220.0,3750.0,15070.0,6680.0,5620.0,3570.0,17250.0,12660.0,2820.0,9290.0,27560.0,11570.0,1520.0,63430.0,8830.0,56740.0,4340.0,29300.0,11280.0,10500.0,8600.0,930.0,8260.0,11680.0,5710.0,4790.0,26400.0,194150.0,12990.0,29060.0,22620.0,4730.0,30150.0,,8090.0,3680.0,6020.0,85340.0,9580.0,37150.0,6480.0,5930.0,57450.0,25840.0,11770.0,4890.0,41620.0,92210.0,6820.0,5640.0,12070.0,10700.0,3210.0,9220.0,180220.0,3960.0,3210.0,4450.0,7920.0,2040.0,115890.0,15310.0,11950.0,5190.0,5000.0,10020.0,3180.0,26570.0,11070.0,5780.0,4950.0,4270.0,28060.0,2500.0,169850.0,19390.0,165870.0,18800.0,7790.0,7330.0,6450.0,25650.0,7190.0,150740.0,14210.0,16120.000000000002,3390.0,9000.0,5690.0,29020.0,3300.0,40370.0,24320.0,4070.0000000000005,34610.0,6380.0,9700.0,32500.0,2210.0,15130.0,4410.0,80870.0,6440.0,17890.0,6120.0,55080.0,39810.0,43810.0,7250.0,3890.0,6180.0,700.0,4200.0,14770.0,61440.0,4650.0,51420.0,840.0,34060.0,570.0,111070.0,26290.0,41140.0,234520.0,21350.0,10420.0,2530.0,4900.0,7990.0,4170.0,3120.0,21880.0,29890.0,9270.0,4910.0,40870.0,18840.0,4830.0,22440.0,19860.0,13420.0,13830.0,8940.0,3910.0,4030.0000000000005,1780.0,5920.0,13070.0,4310.0,158140.0,8520.0,79730.0,11170.0,20920.0,18900.0,13640.0,16090.0,103280.0,140290.0,10430.0,180170.0,13160.0,13970.0,2870.0,2640.0,5350.0,31930.0,3590.0,4500.0,1110.0,13480.0,12720.0,28400.0,17160.0,2650.0,4210.0,10010.0,80860.0,10140.0,3450.0,2930.0,8790.0,4470.0,4090.0,10540.0,5310.0,10200.0,2900.0,7260.0,7530.0,11450.0,72520.0,,4700.0,23890.0,20570.0,8960.0,7810.0,113640.0,3290.0,4010.0,32240.000000000004,29540.0,11200.0,12590.0,2160.0,3980.0,23240.0,6800.0,4630.0,11100.0,5290.0,21000.0,17200.0,173660.0,9370.0,1590.0,2430.0,2550.0,18250.0,2150.0,42570.0,17560.0,21660.0,16390.0,4820.0,16700.0,24210.0,3520.0,6490.0,15450.0,1030.0,37940.0,6490.0,670.0,4290.0,4230.0,39210.0,45540.0,71920.0,1370.0,51800.0,9340.0,13140.0,5700.0,5640.0,7120.0,8250.0,9210.0,101150.0,2530.0,7130.0,35930.0,7860.0,6870.0,7000.0,163070.0,6750.0,17510.0,14460.0,192090.0,3860.0,1370.0,10460.0,10140.0,12930.0,11350.0,364060.0,4840.0,23000.0,10490.0,2110.0
2009,10860.0,190980.0,83740.0,3910.0,26240.0,19220.0,9210.0,20130.0,21530.0,5830.0,6630.0,16630.0,8880.0,21670.0,4040.0,3430.0,2300.0,4330.0,3320.0,1320.0,16129.999999999998,18710.0,6490.0,4120.0,56280.0,17350.0,59720.0,3890.0,10200.0,1310.0,34710.0,17190.0,7990.0,2810.0,2730.0,6690.0,3840.0,270.0,48290.0,7820.0,39330.0,130270.00000000001,4860.0,35260.0,6200.0,16490.0,18580.0,24040.0,8550.0,14700.0,2660.0,33780.0,9950.0,,43840.0,43150.0,2550.0,13590.0,3880.0,9310.0,94270.0,10220.0,11640.0,35600.0,17020.0,4360.0,11420.0,24940.0,1600.0,4260.0,9810.0,12370.0,4250.0,40590.0,8550.0,4470.0,34860.0,22340.0,9230.0,3560.0,960.0,5670.0,17450.0,1720.0,77880.0,7390.0,25990.0,11590.0,3080.0,3260.0,2210.0,9210.0,137710.0,860.0,19070.0,3980.0,4510.0,13470.0,44800.0,154570.0,23310.0,31780.0,22850.0,11060.0,3450.0,24260.0,60140.0,3860.0,4260.0,7770.0,480.0,4900.0,7200.0,22520.0,6050.0,32830.0,5800.0,30530.0,10540.0,12770.0,3890.0,5080.0,11330.0,9530.0,26210.0,4360.0,32049.999999999996,24560.0,4170.0,9450.0,5750.0,4520.0,2410.0,10570.0,15470.0,2360.0,4930.0,32250.0,7370.0,1000.0,33370.0,6130.0,34520.0,3100.0,26110.0,14150.0,4190.0,7420.0,990.0,8770.0,7750.0,4040.0,4140.0,26290.0,161330.0,14500.0,38930.0,23330.0,3640.0,29980.0,,6030.0,4380.0,6140.0,86970.0,6990.0,27140.0,4390.0,2610.0,49190.0,19790.0,8900.0,3740.0,29950.0,121770.0,5130.0,4760.0,7540.0,8160.0,2480.0,7460.0,170860.0,3110.0,2520.0,3250.0,3830.0,1080.0,112660.0,9730.0,11590.0,3580.0,4630.0,11680.0,1720.0,24100.0,10130.0,4670.0,4100.0,3760.0,23960.0,1950.0,177710.0,13850.0,164260.0,20280.0,4870.0,5480.0,6170.0,26560.0,5400.0,131270.0,13340.0,15450.0,2260.0,7880.0,6260.0,24610.0,2780.0,41030.0,28100.0,3340.0,34430.0,4990.0,8490.0,9860.0,1400.0,9730.0,4830.0,67220.0,5350.0,16830.0,6340.0,47150.0,48580.0,28940.0,4019.9999999999995,3250.0,4770.0,470.0,4050.0,11690.0,58740.0,3380.0,40750.0,580.0,26580.0,840.0,113570.0,22100.0,40270.0,268550.0,17940.0,7900.0,2600.0,3550.0,8820.0,4180.0,2060.0,21860.0,22790.0,2940.0,4250.0,32200.000000000004,17130.0,5990.0,19340.0,11640.0,12660.0,14680.0,10360.0,4220.0,2700.0,1140.0,4720.0,12070.0,3760.0,122920.0,5240.0,66040.0,11070.0,13200.0,16540.0,8960.0,16820.0,95150.0,146790.0,7660.0,176100.0,12100.0,8660.0,3800.0,2370.0,3810.0,24380.0,3180.0,3710.0,930.0,9690.0,12180.0,22990.0,13710.0,1920.0,4370.0,5500.0,77430.0,5400.0,2850.0,1960.0,6300.0,3970.0,2940.0,7980.0,3930.0,6690.0,1900.0,5010.0,5290.0,10780.0,65010.00000000001,,3990.0,17210.0,21870.0,6740.0,7340.0,77770.0,2430.0,3280.0,27300.0,22800.0,10560.0,13820.0,1650.0,3820.0,21540.0,9050.0,3530.0,4140.0,2470.0,20040.0,16540.0,165430.0,8370.0,1380.0,2550.0,1870.0,17490.0,2140.0,36380.0,15340.0,19520.0,11460.0,3030.0,13760.0,25940.0,1910.0,4610.0,11450.0,830.0,32310.000000000004,5090.0,690.0,2550.0,2950.0,34960.0,32270.000000000004,57140.0,590.0,43060.0,8070.0,9450.0,6630.0,4440.0,8560.0,6850.0,5640.0,98310.0,1940.0,5830.0,36170.0,9950.0,5820.0,5460.0,139770.0,6040.0,16430.0,12280.0,203650.0,3850.0,1290.0,4440.0,9110.0,7170.0,9700.0,322330.0,5160.0,16400.0,12070.0,1650.0
2008,5500.0,75990.0,82800.0,4220.0,23630.0,11200.0,5530.0,18490.0,19970.0,4440.0,7060.0,13510.0,5450.0,21360.0,4220.0,3520.0,2490.0,2550.0,2040.0,580.0,17550.0,13460.0,1310.0,3220.0,60460.0,11630.0,21990.0,2500.0,12320.0,880.0,24940.0,10530.0,4210.0,1940.0,2150.0,4670.0,3470.0,320.0,21510.0,8010.0,31000.0,70640.0,3940.0,33230.0,3230.0,11620.0,16390.0,14840.0,6290.0,13710.0,2050.0,32509.999999999996,3010.0,,15850.0,46020.0,2950.0,11620.0,2520.0,6640.0,38050.0,7370.0,12390.0,26870.0,17650.0,1130.0,5070.0,19090.0,930.0,3930.0,9310.0,4570.0,4720.0,34590.0,7720.0,2980.0,34740.0,13930.0,5380.0,2280.0,840.0,4340.0,12480.0,740.0,77220.0,5570.0,22740.0,10780.0,2260.0,1660.0,1770.0,3900.0,95430.0,650.0,12800.0,3540.0,2680.0,5250.0,41270.0,148250.0,20830.0,13930.0,16180.0,10150.0,2230.0,18090.0,41990.0,2390.0,3770.0,6120.0,260.0,3860.0,5810.0,19230.0,5140.0,29010.0,5140.0,17820.0,8300.0,10650.0,3340.0,4670.0,10460.0,6070.0,20990.0,2300.0,28080.0,16610.0,1980.0,8109.999999999999,4380.0,3740.0,2050.0,8210.0,15730.0,2220.0,3050.0,36600.0,7050.0,880.0,5160.0,5170.0,9220.0,2080.0,19960.0,14800.0,1820.0,5820.0,810.0,3090.0,4590.0,3240.0,3660.0,22450.0,161270.0,11300.0,46560.0,20500.0,3800.0,14810.0,,6030.0,2620.0,3880.0,33370.0,5890.0,16239.999999999998,4059.9999999999995,2800.0,39020.0,17490.0,4930.0,3340.0,23840.0,87680.0,4180.0,3270.0,3970.0,7890.0,1830.0,6280.0,112690.0,2140.0,1990.0,2330.0,3220.0,360.0,81530.0,7610.0,5040.0,1880.0,4980.0,4970.0,1670.0,17910.0,5550.0,5900.0,3310.0,1440.0,12830.0,1640.0,166000.0,9240.0,117680.0,16730.0,4210.0,4950.0,3670.0,21820.0,1730.0,104730.0,17230.0,12310.0,1390.0,6950.0,5120.0,18300.0,1620.0,45780.0,33320.0,3220.0,31620.0,2650.0,6370.0,2100.0,1040.0,6790.0,4000.0,69310.0,3550.0,10600.0,4720.0,39440.0,35130.0,27660.0,3800.0,2930.0,4140.0,270.0,4019.9999999999995,12470.0,39870.0,3090.0,31020.0,470.0,15370.0,420.0,64269.99999999999,19300.0,17230.0,172920.0,10030.0,6330.0,2200.0,2250.0,2009.9999999999998,4940.0,1080.0,20570.0,17960.0,1750.0,3000.0,24680.0,14720.0,5430.0,17420.0,4610.0,11620.0,14500.0,4330.0,2480.0,2410.0,1060.0,3050.0,8360.0,1390.0,89460.0,4130.0,48580.0,9480.0,10370.0,13970.0,7010.0,14760.0,85060.0,119410.0,5850.0,181180.0,10010.0,6830.0,2810.0,1370.0,2300.0,17050.0,2320.0,3230.0,860.0,6950.0,11490.0,12760.0,13370.0,1460.0,3890.0,1900.0,59080.0,2920.0,3220.0,1460.0,5500.0,3230.0,2060.0,4480.0,2830.0,4570.0,1820.0,3890.0,3910.0,4510.0,50950.0,,1900.0,6940.0,18670.0,6980.0,5130.0,50630.0,2260.0,2620.0,28770.0,11990.0,7290.0,10380.0,1400.0,2029.9999999999998,16980.0,2160.0,3450.0,2680.0,910.0,16120.000000000002,13740.0,167950.0,7770.0,1590.0,2410.0,710.0,15170.0,1980.0,25990.0,8560.0,14310.0,6790.0,2580.0,9150.0,26420.0,1300.0,3310.0,5530.0,580.0,20120.0,3340.0,430.0,1870.0,1900.0,32119.999999999996,24920.0,54890.0,540.0,43880.0,6020.0,11160.0,7660.0,3700.0,4290.0,4810.0,3010.0,100600.0,1920.0,3600.0,24340.0,2530.0,4900.0,4410.0,98020.0,3030.0,15760.0,8370.0,219890.0,4990.0,1230.0,4130.0,6460.0,4390.0,8320.0,406060.0,4200.0,14570.0,9070.0,1280.0
2007,13640.0,174030.0,87020.0,4730.0,27170.0,24310.0,9610.0,29880.0,23210.0,11480.0,11290.0,18640.0,14330.0,29730.0,147470.0,7880.0,2220.0,5750.0,,1140.0,29400.0,24550.0,4540.0,5020.0,50480.0,17010.0,38530.0,3240.0,14510.0,1050.0,35800.0,21150.0,8290.0,3210.0,2520.0,7270.0,5220.0,900.0,60230.0,7570.0,67170.0,183280.0,4380.0,36820.0,6680.0,22080.0,20390.0,27430.0,14110.0,16830.0,2780.0,55870.0,4410.0,,25420.0,52350.0,3300.0,17340.0,5750.0,10970.0,161250.0,11590.0,20680.0,45270.0,20360.0,4340.0,11750.0,35240.0,4730.0,3580.0,9240.0,15020.0,6560.0,39740.0,9040.0,6550.0,37580.0,36550.0,12870.0,3910.0,1190.0,5530.0,17620.0,1700.0,137880.0,7290.0,30320.0,13700.0,3780.0,2670.0,4480.0,7400.0,164230.0,920.0,17930.0,5160.0,3910.0,9770.0,57090.0,195100.0,27370.0,37060.0,40790.0,10270.0,4140.0,27920.0,62330.0,2500.0,2380.0,8940.0,780.0,3970.0,7170.0,25470.0,6030.0,39490.0,18510.0,44810.0,12650.0,13290.0,4710.0,6310.0,17380.0,8430.0,47540.0,4870.0,44620.0,22000.0,3690.0,9830.0,6500.0,4850.0,2420.0,14200.0,23080.0,2470.0,2600.0,53960.0,9510.0,940.0,14850.0,6020.0,39230.0,2680.0,27590.0,22050.0,2420.0,9160.0,1590.0,8090.0,13970.0,4090.0,4810.0,35950.0,370240.0,13640.0,42730.0,19380.0,5570.0,37610.0,,7810.0,3690.0,21040.0,84010.0,6910.0,33360.0,3710.0,5400.0,45460.0,32330.0,27370.0,8730.0,45960.0,129919.99999999999,5480.0,5500.0,8900.0,8940.0,2930.0,12810.0,149640.0,3570.0,2940.0,3890.0,3280.0,840.0,154300.0,10510.0,13760.0,3820.0,7370.0,12420.0,1730.0,28380.0,13320.0,11590.0,3430.0,3190.0,23540.0,2160.0,189440.0,17350.0,146980.0,20450.0,9110.0,9200.0,8670.0,29140.0,4310.0,142250.0,18040.0,26660.0,2860.0,8380.0,8480.0,27780.0,2810.0,60560.0,42950.0,4490.0,33080.0,5390.0,8960.0,36610.0,1090.0,12200.0,7880.0,67840.0,5930.0,18910.0,8970.0,50030.0,56830.0,44930.0,24680.0,5080.0,4840.0,420.0,5470.0,13770.0,59670.0,4120.0,159290.0,1090.0,41680.0,710.0,126240.0,43210.0,56090.0,332110.0,36160.0,8960.0,7630.0,4050.0,5510.0,6880.0,1950.0,27600.0,22130.0,1720.0,5170.0,31940.0,26560.0,10260.0,19130.0,8590.0,16890.0,17050.0,18900.0,2690.0,2730.0,860.0,4650.0,15230.0,2590.0,115980.0,3730.0,63790.0,13170.0,20070.0,15320.0,7540.0,24970.0,121810.0,153670.0,17780.0,225940.0,12990.0,12680.0,2710.0,2960.0,5710.0,22380.0,3450.0,4260.0,940.0,11500.0,19420.0,41800.0,12520.0,2060.0,4460.0,5830.0,64099.99999999999,9010.0,4480.0,1900.0,16400.0,4270.0,3940.0,6290.0,4070.0000000000005,10230.0,1930.0,5550.0,3460.0,5810.0,75280.0,,3660.0,14890.0,29650.0,7120.0,2950.0,117810.0,2770.0,3800.0,29580.0,19370.0,14120.0,16160.0,1790.0,5660.0,31360.0,13430.0,5090.0,3890.0,1370.0,30700.0,18880.0,251160.0,9340.0,1870.0,2580.0,1780.0,16740.0,2480.0,41540.0,12550.0,23950.0,10770.0,3670.0,16100.000000000002,34690.0,1340.0,5450.0,12650.0,1370.0,44290.0,17830.0,490.0,2640.0,2690.0,72920.0,32770.0,73610.0,1580.0,54900.0,7530.0,37580.0,8560.0,8380.0,3080.0,6040.0,4270.0,125680.0,1670.0,7980.0,37750.0,6730.0,5690.0,3820.0,99530.0,6190.0,16329.999999999998,20960.0,190340.0,5370.0,1310.0,5430.0,15450.0,12660.0,9670.0,504230.0,6790.0,19090.0,15400.0,2300.0
2006,14180.0,72980.0,74870.0,5020.0,30140.0,24190.0,11240.0,20860.0,26980.0,9350.0,11100.0,16890.0,14710.0,22620.0,187210.0,6770.0,2900.0,8510.0,,900.0,40490.0,25690.0,11130.0,3370.0,79640.0,15570.0,16329.999999999998,1670.0,10580.0,1150.0,21990.0,15210.0,5490.0,2910.0,2820.0,9710.0,7450.0,460.0,72740.0,8160.0,70070.0,238770.0,4540.0,30170.0,11500.0,23700.0,17150.0,27930.0,8690.0,16580.0,2180.0,29750.0,1590.0,,17680.0,51630.0,3940.0,25430.0,3400.0,13140.0,273590.0,13630.0,25880.0,39600.0,19770.0,7550.0,6520.0,38940.0,4960.0,2780.0,7050.0,12990.0,7830.0,33440.0,9700.0,9240.0,58050.0,17750.0,6150.0,3680.0,1060.0,5200.0,31490.0,2000.0,118410.0,8510.0,23910.0,15120.0,2710.0,4160.0,2890.0,4130.0,165960.0,1020.0,15030.0,6340.0,2910.0,10990.0,25520.0,159150.0,29260.0,38220.0,21630.0,10270.0,8300.0,22350.0,69740.0,1850.0,3080.0,10010.0,1740.0,5830.0,8570.0,41740.0,5950.0,29780.0,15610.0,41150.0,11360.0,12370.0,5060.0,6370.0,14810.0,8430.0,48430.0,4960.0,35220.0,15220.0,2230.0,14890.0,5070.0,4340.0,3020.0,10990.0,18710.0,2260.0,2710.0,41460.0,8620.0,1170.0,14210.0,5420.0,10970.0,2760.0,33350.0,19240.0,3050.0,8960.0,2320.0,7650.0,22760.0,2930.0,4700.0,30160.0,382420.0,19330.0,29940.0,19880.0,6250.0,29280.0,,8080.0,3720.0,12020.0,82260.0,5870.0,30980.0,4370.0,5590.0,81960.0,15610.0,30160.0,2490.0,36210.0,112070.0,5140.0,4390.0,12780.0,11540.0,2720.0,9210.0,146260.0,2470.0,2540.0,4390.0,1840.0,490.0,116780.0,10630.0,15460.0,5730.0,5490.0,3550.0,2050.0,25800.0,20500.0,4820.0,3000.0,5050.0,5970.0,1910.0,191010.0,10780.0,167190.0,19900.0,15170.0,11270.0,9930.0,30950.0,5760.0,111840.0,16329.999999999998,22830.0,8290.0,8970.0,6090.0,19030.0,1220.0,58950.0,38760.0,4390.0,47430.0,7210.0,12000.0,31710.0,1430.0,18580.0,11460.0,53360.0,7060.0,14970.0,19240.0,58400.0,61590.0,44370.0,16280.000000000002,5070.0,5010.0,430.0,4660.0,16920.0,57220.0,3030.0,179970.0,910.0,9350.0,330.0,94510.0,32159.999999999996,85410.0,291940.0,49140.0,13460.0,10880.0,3030.0,10650.0,3450.0,1660.0,22060.0,18810.0,1770.0,6590.0,24950.0,23410.0,6850.0,19980.0,14680.0,13270.0,16440.0,13150.0,3550.0,2790.0,890.0,4770.0,17590.0,2160.0,88820.0,3650.0,41070.0,15060.0,16120.000000000002,16500.0,7310.0,16770.0,102450.0,184510.0,15750.0,202790.0,18110.0,8900.0,8470.0,2310.0,5250.0,21690.0,3130.0,5060.0,1990.0,10530.0,13790.0,40620.0,16610.0,2050.0,2310.0,4820.0,62540.0,8750.0,5390.0,1310.0,27300.0,6230.0,3570.0,8100.0,3770.0,10110.0,1500.0,4410.0,4090.0,5280.0,62250.0,,2900.0,26820.0,24460.0,8490.0,2750.0,74390.0,2790.0,3840.0,27510.0,22420.0,24070.0,14680.0,1630.0,3140.0,22410.0,14700.0,6800.0,4110.0,1150.0,22470.0,22690.0,223030.0,6590.0,1390.0,2180.0,2820.0,23780.0,2510.0,48990.0,12970.0,18860.0,15850.0,2830.0,11590.0,36410.0,1800.0,5850.0,11990.0,1290.0,42250.0,11770.0,540.0,4290.0,2980.0,72260.0,24860.0,80220.0,2060.0,71380.0,9200.0,30880.0,8500.0,5860.0,4710.0,4490.0,,108420.0,1460.0,4960.0,45920.0,4560.0,5550.0,3140.0,120090.0,6470.0,19620.0,15590.0,192470.0,6650.0,1680.0,6060.0,16670.0,9560.0,9390.0,439010.0,4530.0,15580.0,18560.0,2390.0
2005,16740.0,60790.0,60690.0,4010.0,24570.0,21860.0,13150.0,16120.000000000002,26480.0,9900.0,10480.0,14600.0,10380.0,23120.0,177160.0,5670.0,2950.0,3040.0,,400.0,34920.0,28820.0,13320.0,2990.0,96520.0,11180.0,19610.0,1360.0,11540.0,1060.0,22610.0,13160.0,4019.9999999999995,1800.0,2110.0,6570.0,6100.0,430.0,63860.0,7030.0,56200.0,214540.0,4130.0,23520.0,8940.0,21300.0,14850.0,24260.0,6740.0,15360.0,1710.0,24560.0,880.0,,6940.0,44970.0,4250.0,20090.0,3460.0,8340.0,250260.0,10530.0,29000.0,38750.0,17270.0,4030.0000000000005,5760.0,45390.0,4750.0,2120.0,6400.0,13550.0,7770.0,28310.0,8530.0,9240.0,35400.0,12690.0,4170.0,3200.0,1130.0,3990.0,25980.0,2280.0,80160.0,8630.0,23400.0,12310.0,2080.0,3010.0,3060.0,3240.0,105160.0,800.0,11140.0,6910.0,2190.0,7000.0,21510.0,126740.0,26780.0,42380.0,16090.0,10210.0,11150.0,17040.0,46940.0,610.0,2540.0,8180.0,1620.0,5870.0,7670.0,25470.0,5160.0,27730.0,15840.0,60680.0,9210.0,11360.0,4930.0,6480.0,14200.0,7120.0,52860.0,4210.0,30710.0,17760.0,1110.0,11320.0,4390.0,3010.0,2120.0,9960.0,14240.0,1860.0,2470.0,35410.0,7210.0,790.0,14340.0,5910.0,10050.0,1990.0,31410.0,16149.999999999998,2260.0,7860.0,2860.0,2540.0,20950.0,2040.0,3290.0,22830.0,365340.0,18240.0,24160.0,17560.0,5750.0,30190.0,,7590.0,3690.0,7170.0,55830.0,6370.0,31840.0,3590.0,5320.0,85990.0,11800.0,25950.0,1690.0,30890.0,81240.0,4500.0,3800.0,6690.0,13340.0,2760.0,8860.0,128830.00000000001,2290.0,2160.0,3100.0,580.0,440.0,147730.0,9430.0,16480.0,4140.0,5550.0,4240.0,1470.0,24700.0,12590.0,3950.0,3480.0,7610.0,5600.0,1740.0,178760.0,12670.0,138380.0,17510.0,13390.0,7310.0,9840.0,27520.0,2900.0,95490.0,13690.0,17610.0,9610.0,6810.0,5720.0,17070.0,880.0,63950.0,27800.0,3280.0,52120.0,4930.0,13080.0,13970.0,1060.0,13780.0,12650.0,42590.0,6800.0,15790.0,17830.0,47040.0,69630.0,37110.0,10450.0,5870.0,4100.0,330.0,3500.0,17320.0,58510.0,1740.0,155730.0,740.0,5690.0,390.0,69400.0,22360.0,59770.0,271540.0,56490.0,12220.0,9060.0,2280.0,8230.0,2920.0,1330.0,16410.0,23850.0,1480.0,5680.0,22500.0,20870.0,3800.0,18370.0,10040.0,11300.0,10380.0,6250.0,3950.0,1800.0,1000.0,2600.0,15170.0,1710.0,63020.0,3590.0,32119.999999999996,14470.0,11690.0,13610.0,3480.0,16309.999999999998,97830.0,171650.0,13300.0,190370.0,23040.0,7890.0,10110.0,2370.0,4210.0,18110.0,3490.0,4090.0,1950.0,9560.0,11170.0,36550.0,8670.0,1690.0,1540.0,6590.0,71080.0,9470.0,4000.0,890.0,15580.0,6460.0,2880.0,5890.0,2720.0,10480.0,1370.0,3390.0,4170.0,5200.0,56680.0,,1530.0,23380.0,18930.0,6130.0,2560.0,57400.0,2170.0,2890.0,25600.0,17250.0,19240.0,11520.0,1690.0,1530.0,18490.0,9650.0,5810.0,4019.9999999999995,810.0,18000.0,19200.0,94940.0,5710.0,980.0,2180.0,2870.0,22760.0,2620.0,48320.0,10700.0,4890.0,12750.0,1910.0,9480.0,30970.0,2080.0,6060.0,13350.0,1250.0,51200.0,10020.0,340.0,3140.0,2530.0,84380.0,21460.0,82430.0,1800.0,54250.0,6090.0,31850.0,6790.0,5390.0,2990.0,3310.0,,83230.0,1290.0,3980.0,44790.0,4040.0,4560.0,1970.0,105400.0,5690.0,16760.0,13280.0,194850.0,6070.0,790.0,5790.0,16120.000000000002,5440.0,7440.0,344490.0,4230.0,13030.0,16710.0,3010.0
2004,11730.0,26050.0,72770.0,1350.0,25840.0,14970.0,13870.0,14630.0,25860.0,8700.0,9780.0,13590.0,8880.0,19990.0,170500.0,4260.0,2990.0,1650.0,,650.0,35320.0,28710.0,8620.0,2440.0,80820.0,4220.0,18140.0,1000.0,7550.0,880.0,16550.0,13170.0,3220.0,1450.0,2160.0,5460.0,6620.0,1930.0,70400.0,7270.0,43080.0,190480.0,4950.0,21340.0,9350.0,19490.0,14360.0,17420.0,6300.0,22630.0,1480.0,26000.0,910.0,,4910.0,49880.0,3010.0,29690.0,3050.0,7130.0,250270.0,15180.0,25170.0,33430.0,12160.0,2300.0,3720.0,46290.0,3750.0,2120.0,4730.0,10770.0,7390.0,27120.0,9030.0,10400.0,45350.0,7790.0,3850.0,2029.9999999999998,1170.0,3480.0,20780.0,2310.0,60320.0,6220.0,22860.0,12290.0,2370.0,2470.0,3020.0,1710.0,127210.0,840.0,8640.0,7530.0,1460.0,5670.0,18070.0,110640.0,23030.0,47170.0,18440.0,9660.0,9420.0,17730.0,56800.0,280.0,3240.0,8540.0,1220.0,4400.0,7510.0,24240.0,3890.0,18830.0,18930.0,77860.0,9040.0,10600.0,3770.0,4980.0,10430.0,10310.0,34800.0,4580.0,29410.0,8480.0,810.0,10310.0,3720.0,2410.0,1930.0,11090.0,14650.0,1960.0,2450.0,29390.0,5950.0,410.0,26800.0,4670.0,6840.0,1880.0,29670.0,13030.0,1760.0,7800.0,2460.0,2210.0,26370.0,1780.0,2690.0,21020.0,386890.0,18230.0,15700.0,18140.0,6160.0,16570.0,,7700.0,2290.0,6590.0,50030.0,6030.0,17340.0,3430.0,5720.0,93850.0,7550.0,20390.0,570.0,30090.0,61020.0,4320.0,3010.0,5930.0,13660.0,3200.0,4750.0,162220.0,1800.0,2050.0,4050.0,360.0,820.0,146250.0,8240.0,20470.0,5690.0,3950.0,1370.0,1390.0,26850.0,10180.0,2710.0,3650.0,5150.0,6830.0,1800.0,188420.0,14690.0,138720.0,18440.0,13810.0,6510.0,9150.0,31770.0,3230.0,100320.0,12840.0,13040.0,8850.0,6780.0,4110.0,14280.0,410.0,64230.00000000001,24500.0,3310.0,44500.0,4010.0,12770.0,16990.0,850.0,14220.0,16309.999999999998,40710.0,5500.0,9280.0,12930.0,60720.0,60030.0,29670.0,10210.0,6160.0,5240.0,390.0,2530.0,17330.0,63480.0,390.0,125830.0,1280.0,,240.0,70980.0,13030.0,60370.0,290710.0,42100.0,12420.0,19260.0,2220.0,7560.0,800.0,1450.0,13910.0,19710.0,650.0,6160.0,23940.0,19810.0,3130.0,14490.0,11910.0,10640.0,8320.0,3910.0,5050.0,2000.0,860.0,2950.0,15770.0,1150.0,71680.0,2490.0,23150.0,12890.0,13990.0,13110.0,3700.0,12320.0,87640.0,200940.0,12300.0,138940.0,17000.0,9100.0,8150.0,2510.0,3360.0,16250.0,4390.0,4070.0000000000005,1660.0,11720.0,10070.0,29090.0,7160.0,1590.0,920.0,5080.0,69660.0,10920.0,3470.0,510.0,16590.0,5090.0,2300.0,4370.0,1740.0,9120.0,1200.0,2570.0,4230.0,5040.0,52820.0,,600.0,25110.0,15910.0,6280.0,2750.0,39400.0,1980.0,2880.0,24860.0,14400.0,17370.0,8580.0,1640.0,1830.0,16379.999999999998,8080.0,5030.0,4030.0000000000005,1470.0,19420.0,24290.0,85060.0,2840.0,960.0,1600.0,3310.0,23140.0,2090.0,46490.0,12100.0,4840.0,10770.0,1720.0,8060.000000000001,24840.0,1420.0,6510.0,14000.0,1620.0,42290.0,9990.0,340.0,3390.0,2560.0,56600.0,17450.0,96220.0,1470.0,61780.0,6160.0,11590.0,5600.0,8510.0,850.0,2310.0,,112210.0,980.0,5600.0,39190.0,2240.0,3940.0,2009.9999999999998,105310.0,4630.0,17070.0,9080.0,223680.0,3990.0,760.0,6700.0,16149.999999999998,6620.0,7280.0,328110.0,4520.0,13680.0,19660.0,4030.0000000000005
2003,13920.0,7880.0,73240.0,1120.0,24740.0,9140.0,17060.0,9860.0,23360.0,2770.0,7490.0,12080.0,5900.0,18480.0,172880.0,,2920.0,1310.0,1360.0,970.0,30280.0,37730.0,5210.0,1610.0,79310.0,2370.0,21220.0,600.0,7510.0,1020.0,13150.0,12000.0,2800.0,1110.0,1250.0,3390.0,6180.0,340.0,62130.0,7430.0,33720.0,116050.0,3350.0,18740.0,9310.0,16960.0,10330.0,12950.0,3280.0,,1470.0,25960.0,670.0,,3400.0,55480.0,2230.0,30370.0,2340.0,4730.0,250310.0,14160.0,27430.0,28530.0,11590.0,,2430.0,31700.0,4820.0,1610.0,3230.0,8090.0,6680.0,26880.0,10200.0,9810.0,44580.0,2380.0,2080.0,1370.0,560.0,2960.0,14400.0,1500.0,44770.0,6300.0,17030.0,11010.0,1470.0,1750.0,1570.0,,167260.0,740.0,7720.0,8560.0,950.0,2930.0,14280.0,93000.0,20740.0,38550.0,15890.0,7510.0,6700.0,14100.0,46970.0,,3460.0,8060.000000000001,,3460.0,6640.0,18620.0,2510.0,13510.0,14230.0,41950.0,7040.0,9710.0,3380.0,4660.0,7140.0,9060.0,10320.0,3050.0,27380.0,5350.0,420.0,8189.999999999999,2690.0,2570.0,1460.0,8270.0,13070.0,1470.0,1780.0,21760.0,3950.0,,28260.0,3770.0,7720.0,1300.0,20140.0,11610.0,820.0,7680.0,2310.0,2110.0,33490.0,1200.0,1920.0,17890.0,312230.0,10700.0,12420.0,16970.0,5130.0,14000.0,,5770.0,1770.0,5890.0,47100.0,4310.0,11490.0,3730.0,5150.0,80740.0,4780.0,16720.0,340.0,28820.0,69890.0,3570.0,2950.0,3860.0,9970.0,2650.0,3690.0,157040.0,1600.0,1370.0,3270.0,230.0,490.0,207900.0,10490.0,20750.0,6520.0,3380.0,560.0,1130.0,25890.0,11800.0,2680.0,2160.0,5660.0,2490.0,1840.0,153320.0,7290.0,75020.0,15600.0,12240.0,5050.0,11490.0,29740.0,3200.0,123900.0,13790.0,9170.0,7570.0,5290.0,2510.0,12450.0,350.0,79030.0,22980.0,2760.0,43550.0,4270.0,12740.0,,670.0,10640.0,12560.0,31330.0,6930.0,9360.0,9040.0,55480.0,58910.0,25490.0,5380.0,4690.0,4130.0,,2280.0,25220.0,66670.0,87.72,110820.0,640.0,,,102640.0,10270.0,62790.0,295290.0,32900.0,11800.0,23600.0,1880.0,8200.0,740.0,1190.0,12050.0,19900.0,1120.0,5760.0,18010.0,17310.0,4350.0,9350.0,7050.0,10180.0,4400.0,2500.0,3130.0,1510.0,540.0,2100.0,16620.0,1400.0,69160.0,2100.0,16340.0,14040.0,9940.0,11560.0,3380.0,10340.0,79480.0,269530.0,10600.0,129139.99999999999,18080.0,7090.0,5850.0,2300.0,2680.0,15190.0,1120.0,3650.0,1150.0,10940.0,7750.0,22340.0,5510.0,1050.0,850.0,3800.0,43280.0,6820.0,2380.0,810.0,6680.0,4000.0,1830.0,2860.0,1390.0,6650.0,1010.0,1770.0,4000.0,4040.0,48710.0,,200.0,13120.0,16070.0,4980.0,2260.0,32060.000000000004,1870.0,5270.0,22220.0,9450.0,13310.0,6820.0,1570.0,1110.0,17410.0,8060.000000000001,3480.0,3070.0,1290.0,16970.0,23900.0,86160.0,2040.0,600.0,1550.0,4880.0,20940.0,1920.0,35000.0,11090.0,4150.0,7050.0,1250.0,5920.0,9050.0,1450.0,4660.0,11860.0,1270.0,51270.0,7830.0,390.0,2440.0,3110.0,33910.0,17980.0,84160.0,1480.0,57530.0,4670.0,5570.0,4840.0,3980.0,800.0,1770.0,,97090.0,760.0,4000.0,37280.0,2430.0,3960.0,1810.0,100490.0,5010.0,17050.0,5080.0,230100.0,2910.0,490.0,5410.0,14090.0,2300.0,6770.0,269280.0,3580.0,10040.0,17060.0,3170.0
2002,8380.0,5160.0,62810.0,850.0,16680.0,5820.0,8800.0,8010.0,23530.0,1620.0,6400.0,9260.0,1680.0,15500.0,150960.0,,2600.0,200.0,1290.0,150.0,25960.0,21500.0,2220.0,1270.0,62310.0,690.0,7320.0,290.0,5150.0,780.0,8610.0,9710.0,1610.0,800.0,1050.0,2660.0,6700.0,11.39,46130.0,6880.0,26370.0,104400.0,2920.0,16780.0,7280.0,7800.0,7880.0,8780.0,2380.0,,970.0,17510.0,350.0,,2550.0,45220.0,2210.0,17490.0,1340.0,3510.0,180900.0,13420.0,27520.0,15730.0,7700.0,,800.0,14640.0,3170.0,1210.0,2630.0,5740.0,6150.0,28100.0,8950.0,7550.0,32020.000000000004,1420.0,1170.0,1360.0,360.0,2590.0,6720.0,770.0,32780.0,5810.0,12780.0,9630.0,1090.0,1290.0,1740.0,,95150.0,290.0,6070.0,7790.0,790.0,1470.0,9810.0,42710.0,16900.0,27100.0,10970.0,5570.0,2540.0,10020.0,32830.0,,2800.0,5900.0,,3490.0,7770.0,17480.0,1500.0,7190.0,7030.0,21110.0,6430.0,9160.0,3290.0,2780.0,3860.0,6150.0,8760.0,2840.0,21400.0,4600.0,48.15,6660.0,2180.0,1940.0,1060.0,5510.0,10140.0,700.0,1530.0,17060.0,3400.0,,17060.0,2830.0,2430.0,970.0,16160.0,9810.0,270.0,6500.0,2110.0,1620.0,33620.0,950.0,1250.0,17260.0,243330.0,5910.0,6710.0,17310.0,4320.0,3960.0,,5400.0,1180.0,3160.0,32200.000000000004,4720.0,8180.0,2000.0,4350.0,55720.0,4910.0,11590.0,230.0,20500.0,52930.0,3220.0,1970.0,2350.0,9050.0,2080.0,1620.0,133480.0,1120.0,1060.0,3320.0,100.0,300.0,102370.0,9620.0,16820.0,5430.0,2800.0,220.0,740.0,19900.0,10010.0,1950.0,1150.0,3550.0,1510.0,1050.0,159420.0,2540.0,47960.0,13970.0,10650.0,3250.0,6670.0,24260.0,1840.0,108320.0,11790.0,8240.0,3340.0,3430.0,1740.0,9370.0,,71270.0,26310.0,1520.0,29280.0,1350.0,10790.0,,430.0,7750.0,10290.0,20390.0,4970.0,7870.0,6230.0,67370.0,55630.0,18930.0,5090.0,3770.0,3250.0,,1490.0,24870.0,48110.0,42.44,82650.0,,,,127440.0,6590.0,43490.0,276630.0,20020.0,7310.0,10320.0,1420.0,5900.0,780.0,830.0,10980.0,11660.0,220.0,4990.0,11760.0,17770.0,,7770.0,3360.0,7730.0,3230.0,1200.0,2290.0,1360.0,300.0,1430.0,12140.0,240.0,56900.0,1340.0,10750.0,10490.0,5340.0,5630.0,2300.0,7230.0,72700.0,188370.0,10070.0,111110.0,10810.0,5440.0,2920.0,1900.0,2240.0,11940.0,850.0,3110.0,680.0,8490.0,5740.0,17840.0,4000.0,660.0,240.0,2960.0,28700.0,3220.0,1920.0,820.0,5980.0,2750.0,1440.0,2150.0,1000.0,3830.0,760.0,1140.0,3280.0,3430.0,29140.0,,18.68,7900.0,14590.0,4200.0,1970.0,24500.0,1630.0,3390.0,20350.0,6320.0,11670.0,4840.0,1680.0,570.0,12670.0,4570.0,2140.0,3000.0,1180.0,13340.0,19340.0,89940.0,2200.0,500.0,1180.0,2380.0,17400.0,1680.0,27260.0,10250.0,3270.0,2960.0,360.0,3340.0,7720.0,680.0,3930.0,7280.0,960.0,25970.0,5860.0,190.0,1740.0,2730.0,25000.0,15160.0,70770.0,820.0,40850.0,3910.0,3950.0,3800.0,1900.0,1210.0,900.0,,106390.0,600.0,2790.0,30000.0,1240.0,2920.0,1080.0,79010.0,3550.0,13620.0,1390.0,223430.0,1980.0,350.0,4250.0,10770.0,1030.0,4380.0,234500.0,2910.0,7120.0,8100.0,1780.0
2001,13210.0,7710.0,87070.0,340.0,25190.0,7320.0,16170.000000000002,9410.0,36530.0,2040.0,5830.0,14020.0,8710.0,12710.0,207660.0,,2930.0,680.0,1090.0,210.0,23990.0,32840.0,5400.0,1040.0,59020.0,1850.0,4030.0000000000005,350.0,9560.0,450.0,6830.0,10710.0,2029.9999999999998,670.0,860.0,3250.0,6210.0,38.41,47500.0,7660.0,30940.0,98150.0,2040.0,32110.0,6310.0,15760.0,8570.0,9210.0,1930.0,,800.0,29790.0,1300.0,,2680.0,100070.0,1720.0,9770.0,1380.0,3440.0,259899.99999999997,12760.0,29060.0,17940.0,10430.0,,2330.0,16410.0,5470.0,1040.0,2440.0,13120.0,6270.0,31800.0,9200.0,10140.0,890.0,,1590.0,3200.0,220.0,8000.0,11960.0,760.0,23020.0,6600.0,20070.0,12230.0,2190.0,1490.0,1510.0,,132830.0,370.0,7490.0,8140.000000000001,760.0,780.0,11570.0,57570.0,15900.0,30560.0,10360.0,6880.0,2500.0,8640.0,41820.0,,3470.0,7500.0,,4140.0,6750.0,30500.0,2070.0,5950.0,8210.0,18540.0,5140.0,8560.0,3490.0,3270.0,4910.0,7620.0,5110.0,3000.0,24020.0,4510.0,230.0,7790.0,2190.0,2290.0,910.0,5170.0,8630.0,1220.0,1630.0,15360.0,2930.0,,28460.0,2520.0,1920.0,1190.0,15470.0,10410.0,540.0,8050.000000000001,1450.0,2350.0,35880.0,1860.0,920.0,15980.0,398220.0,4660.0,6340.0,18990.0,4830.0,8680.0,,6360.0,1250.0,2290.0,44170.0,4480.0,5680.0,2800.0,4310.0,120350.0,5550.0,15360.0,170.0,27660.0,39820.0,3720.0,1580.0,2360.0,9180.0,1720.0,1990.0,208430.0,960.0,1050.0,2810.0,370.0,1290.0,210400.0,9060.0,19430.0,11180.0,2460.0,360.0,980.0,20660.0,22750.0,1770.0,830.0,4470.0,5160.0,1950.0,180090.0,6230.0,72080.0,12230.0,10320.0,3430.0,9270.0,31400.0,860.0,117220.0,16840.0,10600.0,2990.0,5700.0,2009.9999999999998,8950.0,,88220.0,20690.0,2720.0,35930.0,2920.0,14160.0,,450.0,9950.0,11240.0,33900.0,5180.0,10720.0,6150.0,59040.0,61990.0,22660.0,4540.0,2890.0,2900.0,,2260.0,29470.0,46250.0,42.18,98690.0,,,,135630.0,9280.0,61140.0,358050.0,33850.0,6820.0,10310.0,2280.0,18590.0,,870.0,9910.0,3740.0,,4760.0,15070.0,10980.0,,7070.0,7240.0,13340.0,4120.0,6440.0,1520.0,960.0,100.0,1070.0,17030.0,360.0,75910.0,1920.0,9920.0,13130.0,5030.0,7460.0,2050.0,8680.0,85490.0,250130.0,8640.0,102560.0,10950.0,5370.0,2640.0,1910.0,2170.0,15900.0,890.0,3540.0,680.0,8720.0,5100.0,,3800.0,2029.9999999999998,930.0,2000.0,38740.0,3110.0,1590.0,1230.0,5570.0,4670.0,1720.0,2610.0,1740.0,3280.0,600.0,1530.0,2550.0,3370.0,30510.0,,550.0,7290.0,21520.0,4230.0,860.0,31640.0,1950.0,3510.0,17710.0,5090.0,11940.0,5010.0,1260.0,530.0,16910.0,,1870.0,3940.0,960.0,11480.0,17300.0,131380.0,1910.0,510.0,1520.0,5450.0,16450.0,1840.0,37050.0,10870.0,4200.0,1710.0,430.0,4270.0,9140.0,300.0,4100.0,7020.0,590.0,48550.0,5850.0,210.0,1480.0,2560.0,21840.0,13880.0,61020.0,1710.0,40980.0,4290.0,3970.0,4850.0,8910.0,1840.0,790.0,,128949.99999999999,530.0,5070.0,34390.0,1170.0,2600.0,790.0,73700.0,4880.0,20040.0,13150.0,256500.0,1780.0,380.0,3470.0,11890.0,,9590.0,267590.0,2600.0,7180.0,5920.0,1750.0
